1,Ian Hamilton,Keepers Of The Flame
2,Maya Angelou,I Know Why The Caged Bird Sings
3,"",Reader's Digest - The Most Amazing Gardens In Britain And Ireland
4,"",A Book On Practical Survival.
5,"",100 Masterpieces Of Art
6,"",Staying Alive: Real Poems For Unreal Times
7,"",A Large Anthology Of Poetry
8,Oprah Winfrey,Oprah: An Autobiography
9,"",A Special Compilation Of All Of David Attenborough's Books
10,"",Maritime Intelligence And Publications
11,Nicholas Albery,A Poem For The Day
12,Anthony Trollope,The Eustace Diamonds
13,Georgette Heyer,Cotillion
14,Jane Austen,Pride And Prejudice
15,Isabella Bird,Complete Works - Isabella Bird
16,"",Roget's Thesaurus
17,Leo Tolstoy,War And Peace
18,Sophie Parkin,The History Of The Colony
19,"",The Larousse French/english Dictionary
20,Stephen Sondheim,Finishing The Hat
21,"",An Anthology Of British Poetry
22,"",The Brewer's Dictionary Of Phrase And Fable
23,Dame Daphne Du Maurier,Rebecca
24,Daisaku Ikeda,Lecture On The Heritage Of The Ultimate Law Of Life
25,"","A Copy Of Chinese Dictionary Cihai, (which Means Sea Of Words) From The 1930s"
26,Giuseppe Di Lampedusa,The Leopard
27,Bruce Chatwin,The Songlines
28,Graham Linehan,The Complete Works
29,F. Scott Fitzgerald,The Complete Works
30,"",Biggest Book Of Poetry Available
31,George Grossmith,The Diary Of A Nobody
32,A.a. Milne,Winnie The Pooh
33,Benjamin Hall Kennedy,Kennedy's Latin Primer
34,"",Kennedy's Latin Primer
35,Homer,Odyssey
36,Olaf Stapledon,Star Maker
37,Jerome K Jerome,Three Men In A Boat
38,Marjorie Caygill,Treasures Of The British Museum
39,Rumi,Works
40,"",A Bound Version Of Her Children's (and Their Cousins') Prose And Poems.
41,Wendy Cope,Poem For The Day
42,John 'lofty' Wiseman,Sas Survival Handbook
43,James Joyce,The Collected Works
44,Louisa May Alcott,Little Women
45,Dorothy Hartley,Food In England
46,Raine Maria Rilke,Letters To A Young Poet
47,Dorothy Dunnett,The Lymond Novels
48,Alan Bennett,Untold Stories
49,Homer,The Iliad
50,Hafiz,Collected Poems
51,Hamlyn,Larousse Gastronomique
52,Harper Lee,To Kill A Mocking Bird
53,Charles Dickens,Little Dorrit
54,Oscar Wilde,The Selfish Giant
55,Walter Scott,The Complete Works
56,Virgil,Aeneid (in Latin)
57,Victor Hugo,Les Miserables
58,"",Four Volumes Of The London Telephone Directory
59,"",Volumes Of Architectural And Historical Surveys Of London
60,Eckhart Tolle,Power Of Now
61,"",An Anthology Of 20th Century European Poetry
62,"",A Very Large Catalogue
63,John Hunter,The Case Books
64,Apsley Cherry-garrard,The Worst Journey In The World
65,Charles Dickens,A Big Book
66,Arthur Marshall,The Collected Works
67,Ted Hughes,The Rattlebag: An Anthology Of Poetry
68,Thomas Hardy,The Collected Works
69,Paulo Coelho,The Alchemist
70,"",The Koran
71,Wu Cheng'en,Sai-yu-ki (monkey: Journey To The West)
72,"",A Huge Atlas
73,Anthony Powell,A Dance To The Music Of Time
74,Edward Gibbon,The Decline And Fall Of The Roman Empire
75,James Joyce,Ulysses
76,"",Complete Encyclopaedia Britannica
77,Walter De La Mare,Desert Islands: An Anthology
78,Jean Paul Sartre,Being And Nothingness
79,Jamie Oliver,Jamie's Dinners
80,Marcel Proust,Remembrance Of Things Past
81,Aldous Huxley,Three Novels
82,Marcel Proust,In Search Of Lost Time
83,"",A Biography Of Audrey Hepburn
84,"",A Reference Book On The Natural History Of The Island
85,John Milton,Complete Works
86,W H Auden,Collection
87,W B Yeats,Collected Poems
88,"",A Set Of Encyclopaedias
89,Richmal Crompton,The Complete Works Of Just William
90,C S Lewis,"The Lion, Witch And The Wardrobe"
91,Katherine Mansfield,The Collected Works
92,"",A Dictionary
93,Thomas Mann,The Magic Mountain
94,"",Reading Lyrics - American Songs 1900-1975
95,"",A Book On Astronomy
96,"","""a Book Which Is In My Head About My Brother"""
97,Bill Bryson,A Short History Of Nearly Everything
98,William Faulkner,Her Favourite Works
99,"",Primer To Learn Italian And Tape
100,Captain Cook,Journals
101,Ted Hughes,Birthday Letters
102,"",An English Dictionary
103,G H R Parkinson,Spinoza: Ethics
104,P G Wodehouse,Completed Works
105,Emily Eden,Semi-attached Couple
106,David Burnie,Animal - The Definitive Visual Guide To The World's Wildlife
107,Bill Travers,On Playing With Lions
108,William Makepeace Thackeray,Vanity Fair
109,Robert Hughes,The Fatal Shore
110,"",A Book To Identify Birdlife On The Island
111,"",A Book To Learn Good English
112,"","A Big, Beautiful Coffee Table Book Of Pictures By Impressionists"
113,Yann Arthus-bertrand,The Earth From The Air
114,"",Blank Book
115,"",Book On Tropical Fish To Identify Them
116,Dante Alighieri,Divine Comedy (in Italian)
117,Charles Dickens,David Copperfield
118,Emily Bronte,Wuthering Heights
119,"",Hindi-english Dictionary
120,"",Stories From 1001 Arabian Nights - Traditional
121,Jane Austen,Sense And Sensibility
122,Charles Ray,"World Of Wonder: 10,000 Things Every Child Should Know"
123,Thomas Malthus,Essay On Population
124,Anton Chekhov,Collected Plays
125,John Le Carre,Novels
126,Alan Walker,Liszt Biography
127,George Eliot,Middlemarch
128,John Drummond,Speaking Of Diaghilev
129,Elizabeth Knowles,The Oxford Dictionary Of Quotations
130,Lawrence Kelly,Diplomacy And Murder In Tehran - Alexander Griboyedov And Imperial Russia's Mission To The Shah Of Persia.
131,Thomas Moore,Utopia
132,Thomson,The Mabinogi (in Modern Welsh)
133,"",Her Own Book On Venice
134,Peter Ackroyd,Dickens
135,"","A Specially Commissioned Complete History Of Art Book, With Sections By John Berger, David Hockney And Jeanette Winterson Among Others"
136,Melvyn Bragg,Vision: 50 Years Of Creativity
137,W G Hoskins,The Making Of The English Landscape
138,Professor Colin Blakemore,The Oxford Companion To The Body
139,Christopher Lee,This Sceptred Isle
140,J M Roberts,History Of The World
141,"",The Oxford Companion To Music
142,Russel Page,The Education Of A Gardener
143,Philip Larkin,Collected Poems
144,Marcel Proust,A La Recherche Du Temps
145,Lewis Grassic Gibbon,A Scots Quair
146,Arnold Bennett,Old Wives Tale
147,Marcel Proust,A La Recherche Du Temps Perdu
148,J K Rowling,Harry Potter Book
149,"",A Guide To Edible Foods On A Desert Island
150,Simon Schama,Embarrassment Of Riches
151,Fyodor Dostoyevsky,The Brothers Karamazov
152,"",Sas Survival Guide
153,Dorothy L Sayers,Nine Tailors
154,Jane Austen,Emma
155,Samuel Pepys,Complete Diaries
156,Marcel Proust,A Title
157,"",The Girl Guides' Handbook
158,J R R Tolkien,The Lord Of The Rings
159,Saki,Complete Works
160,Gabriel Garcia Marquez,100 Years Of Solitude
161,John Donne,The Collected Works
162,"",Anthology Of Poetry
163,Thomas Gray,Collected Poems
164,Richard Mccain,Poet For Poet
165,Isaiah Berlin,The Proper Study Of Mankind
166,Seamus Heaney,The Collected Works
167,John Donne,Collected Poems
168,G M Trevelyan,History Of England
169,Virginia Woolf,Moments Of Being
170,Emily Dickinson,Collection Of Poems
171,John Carey,The Faber Book Of Reportage
172,Marcel Proust,A La Recherche De Temps Perdu
173,Charles Darwin,Origin Of Species
174,"",Ordnance Survey Map Of The World
175,"",The Book Of Kells
176,Walter De La Mare,Come Hither - An Anthology
177,Virgil,Aeneid
178,"",The History And Creation Of A Japanese Sand Garden
179,F. Scott Fitzgerald,Tender Is The Night
180,Stephen Hawking,A Brief History Of Time
181,Anton Chekhov,The Collected Works
182,John Dankworth,The Jazz Revolution
183,Arthur Koestler,The Sleep Walkers
184,William Louis Wheeler,The Medical Care Of Merchant Seamen
185,Robert Baden-powell,Scouting For Boys
186,Norman Vincent Peale,The Power Of Positive Thinking
187,"",A Photograph Album
188,Mozart,Complete Score Of Fidelio
189,Beethoven,Score Of The Opera Fidelio
190,Freya Stark,Traveller's Prelude
191,Edith Sitwell,The Atlantic Book Of British And American Poetry
192,Vita Sackville-west,Another World Than This
193,Jay Landesman,Rebel Without Applause
194,Jay Landesman,Jay Walking
195,Noel Coward,Diary
196,Oscar Wilde,Complete Works
197,Randolph Stow,Tourmaline
198,Bob Monkhouse,Crying With Laughter
199,Leo Tolstoy,"A Title, In Russian And English,"
200,"",A Culinary Book
201,Nancy Mitford,The Pursuit Of Love
202,"",Arabian Nights (1000 And One Nights)
203,Ralph Waldo Trine,In Tune With The Infinite: Fullness Of Peace Power
204,Hillier,Hillier's Dictionary Of Plants
205,Peter Ustinov,A Title
206,John Steinbeck,Short Stories
207,Francis Child,English Scottish Ballads
208,Gabriel Garcia Marquez,One Hundred Years Of Solitude
209,Johan H Huizinga,The Waning Of The Middle Ages
210,Scarlatti,All The Sonatas
211,"",Encyclopaedia
212,M Horace Hayes,Veterinary Notes For Horse Owners
213,Tom Sharpe,Wilt
214,Daniel Defoe,Robinson Crusoe
215,Harold Pinter,Compendium Of Plays
216,Henry James,The Golden Bowl
217,V S Naipaul,A House For Mr Biswas
218,"",Atlas Of The Third World
219,Honore De Balzac,Fairy Stories
220,T S Eliot,Four Quartets
221,Arthur Koestler,The Act Of Creation
222,Helen Gardiner,The Oxford Book Of English Verse
223,Robert Graves,Greek Myths
224,"","Recent Editions Of Magazines, E.g. Vanity Fair; Vogue"
225,Geoffrey Chaucer,Canterbury Tales
226,Kahlil Gibran,The Prophet
227,Duc De Saint-simon,Memoirs
228,Dr Roy Strong,A Celebration Of Gardens
229,"",The Oxford Dictionary Of Quotations
230,"",A Thousand And One Nights
231,"",Reader's Digest
232,Mark Twain,Huckleberry Finn
233,"",Photograph Album
234,"",Norton's Star Atlas
235,"",All Correspondence Between Her And Her Mother
236,Anne Frank,Diary
237,Vikram Seth,A Suitable Boy
238,Naomi Lewis,Messages - Poetry
239,"",Faber Book Of Religious Verse
240,Dan Millman,Way Of The Peaceful Warrior
241,Samuel Pepys,Diary
242,Stephen Runciman,History Of The Crusades
243,Richard Elman,The New Oxford Book Of American Verse
244,Henry Handel Richardson,Maurice Guest
245,T H White,The Once And Future King
246,W B Yeats,Complete Works
247,Sigmund Freud,Complete Works
248,"",Geometry Tutor
249,William Shakespeare,Complete Works In German
250,"",Russian Dictionary
251,Sir Winston Churchill,History Of The English-speaking Peoples
252,Chateaubriand,Memories From Beyond The Grave
253,Kingsley Amis,Lucky Jim
254,Charles Dickens,Oliver Twist
255,John Donne,Poems For Joy Sermons For Solace
256,"",Sas Survival Manual
257,"",A Diy Manual
258,Robert Heinlein,Glory Road
259,"",A Collection Of Poems
260,W B Yeats,Poetry
261,"",A Book Of American History
262,"",History Of The United States
263,Kenneth Rose,George V
264,"",Who's Who In The Theatre
265,William Morris,The Collected Works
266,"",A Book About Hollywood
267,"",A History Of Great Britain
268,Margaret Mitchell,Gone With The Wind
269,Thomas Hardy,Mayor Of Casterbridge
270,"",Teach Yourself Bridge
271,"",A Bound Copy Of The Spectator Magazines
272,Anthony Trollope,Barchester Novels
273,"",A Do-it-yourself Manual
274,"",Do-it-yourself Manual
275,Gabriel Garcia Marquez,Love In The Time Of Cholera
276,"",I Ching
277,"",Teach Yourself Physics
278,Marcel Proust,Books
279,"",Dictionary Of National Biography
280,Herman Melville,Moby Dick
281,"",A Book Of Edible Fruits And Vegetables
282,Oscar Wilde,The Picture Of Dorian Gray
283,"",Teach-yourself Manual Of The Principal Foreign Languages
284,Josef Von Sternberg,Fun In A Chinese Laundry
285,Thora Hird,Scene Hird
286,"",History Of The World
287,Charlotte Bronte,Jane Eyre
288,"",Encyclopaedia Britannica
289,"",The Scores Of All Music Chosen In A Bound Volume
290,Agatha Christie,Why Didn't They Ask Evans?
291,Thomas Hardy,Tess Of The D'urbervilles
292,Anthony Trollope,The Last Chronicle Of Barset
293,"",The Oxford English Dictionary
294,Aesop,Fables
295,Lewis Carroll,Alice In Wonderland
296,Gareth Jones,The Disinherited
297,"",A Collection Of Short Stories
298,St Francis De Sales,Introduction To The Devout Life
299,"",Filofax
300,Johann Wyss,The Swiss Family Robinson
301,Pat Conroy,Prince Of Tides
302,"",The Biggest Atlas In The World
303,Dr Jacob Bronowski,The Ascent Of Man
304,Keith Floyd,Floyd On Fish
305,Sir Winston Churchill,The Second World War
306,Elizabeth David,French Provincial Cooking
307,Swami Muktananda,Where Are You Going?
308,Jack Higgins,The Eagle Has Landed
309,James Kavanaugh,Will You Be My Friend?
310,Charles Dickens,The Complete Works
311,Wilfred Owen,Autobiography
312,F. Scott Fitzgerald,The Great Gatsby
313,Ayn Rand,Atlas Shrugged
314,Virginia Woolf,Letters
315,Sam Shepard,Hawk Moon
316,Jane Austen,The Collected Works
317,"",Dictionary
318,"",The Complete Andy Capp
319,"",The Oxford Book Of English Verse
320,Paul Verlaine,Poetry
321,John Fowles,The Magus
322,"",Her Own Autobiography
323,Aleksandr Pushkin,Poetry
324,William Wordsworth,The Collected Works
325,Anthony Burgess,Language Made Plain
326,Herodotus,Histories
327,Rudyard Kipling,Indian Tales
328,"",Hexalingual Thesaurus
329,Anthony Wood,The Five-volume Works
330,Rudyard Kipling,Kim
331,"",Blank Paper
332,Mrs Beeton,Household Management
333,Kathleen Winsor,Forever Amber
334,"",The World Encyclopaedia Of Cookery
335,"",True Funny Stories In German
336,Leo Tolstoy,Anna Karenina
337,"",The Bhagavad-gita
338,Marquise De Sevigne,Letters
339,Hector Berlioz,Books
340,Hugh Johnson,Cookery Book
341,Jane Austen,Persuasion
342,Dama Pada,Buddhist Scripture
343,Saint Therese Of Lisieux,Autobiography
344,"",Illustrated Dictionary
345,Arthur Quiller-couch,The Oxford Book Of English Verse
346,Edward Gibbon,The History Of The Decline And Fall Of The Roman Empire
347,Moss Hart,Act One
348,Dante Alighieri,Inferno
349,Louis De Rouvroy,Memoirs
350,Diana Dors,Autobiography
351,P G Wodehouse,Novels
352,Virginia Woolf,Diaries
353,"",French Language Course
354,George Kelly,Plays
355,"",Dictionary Of Quotations
356,Johann Wolfgang Goethe,Collected Works
357,William Durant,The Story Of Civilization
358,Rosamond Lehmann,The Weather In The Streets
359,Dante Alighieri,Divine Comedy
360,Barbara Woodhouse,Talking To Animals
361,E E Cummings,Poetry
362,"",The Salvation Army Songbook
363,"",Survival Manual
364,"",Italian Touring Atlas Of The World
365,Hermann Hesse,Siddhartha
366,Simone De Beauvoir,The Second Sex
367,Thomas Hardy,Jude The Obscure
368,Frederick Forsyth,The Day Of The Jackal
369,Neville Williams,The Penguin Chronology Of The Modern World
370,"",Book About Growing Flowers And Vegetables On A Desert Island
371,"",History Of The Whole World
372,John Cheever,Collected Short Stories
373,Antoine De Saint-exupery,The Little Prince
374,"",Single-volume Encyclopaedia
375,Kenneth Clark,Civilisation
376,Malford,The Nonsense Of Dying
377,Geoffrey Grigson,Notes From An Odd Country
378,Queen Victoria,Letters
379,Raine Maria Rilke,Poetry In Spanish German
380,Agnes Smedley,Daughter Of The Earth
381,George Bernard Shaw,Plays And Prefaces
382,"",Guide To Boat Building
383,Compton Mackenzie,The Four Winds Of Love
384,Rose Macaulay,Orphan Island
385,B K S Iyengar,Light On Yoga
386,"",Volume On Physics
387,James Woodforde,The Diary Of A Country Parson 1758-1802
388,Margaret Mitchell,Gone With The Wind (in Italian)
389,A.a. Milne,Now We Are Six
390,A.a. Milne,When We Were Very Young
391,"",Thick Blank Book And A Pen
392,Mary Strong,Letters Of The Scattered Brotherhood
393,Emmet Fox,Around The Year With Emmet Fox
394,Roget,Thesaurus
395,Henry W Fowler,Fowler's Modern English Usage
396,Frank Herbert,Dune
397,Victor Sperandeo,Pacific Cookbook
398,Enid Bagnold,Autobiography
399,"",A Great Tome On The Law
400,Sigrid Undset,Kristin Lauransdatter
401,Anthony Powell,Dance To The Music Of Time
402,Anthony Trollope,Novels
403,"",Astronomy Book
404,Charles Kidd,Debrett's Peerage
405,Albert Camus,Collected Stories
406,Countess Elizabeth Longford,Victoria Ri
407,Charles Dickens,The Pickwick Papers
408,H G Wells,The Outline Of History
409,Charles Schulz,Snoopy Dog
410,Dr Thor Heyerdahl,The Kon-tiki Expedition
411,"",Volume On Animal Communication
412,Charles Dickens,The Collected Works
413,Johann Wolfgang Goethe,Faust
414,Mildred Newman,How To Be Your Own Best Friend
415,Christopher Isherwood,Bhagavad-gita
416,Jean Plaidy,Novels
417,Carl Giles,Book Of Cartoons
418,Michel De Montaigne,The Collected Works
419,"",Volume Of Colour Reproductions Of Paintings
420,Rev Francis Kilvert,"Reverend Francis Kilvert, Diary 1870-1879"
421,"",Cookery Book
422,Julia Trevelyan Oman,Elizabeth R
423,"",Illustrated Herbal
424,Sir Keith Feiling,History Of England
425,James Mitchener,Novels
426,"",Volumes On Astronomy And Astrology
427,Mary Baker Eddy,"Science And Health, With A Key To The Scriptures"
428,"",Cookery Encyclopaedia
429,Mario Puzo,The Godfather
430,Ernest Holmes,The Science Of Mind
431,"",Primary Instruction In All Languages
432,"",Law Study Course
433,Leo Slezak,Works
434,Penelope Mortimer,The Pumpkin Eater
435,"",Illustrated Book On Gardening
436,George Bernard Shaw,The Collected Works
437,"",Encyclopaedia Britannica 1911 Edition
438,Louise Saunders,The Knave Of Hearts
439,Anatole France,Le Crime De Sylvestre Bonnard
440,James Thurber,The Thurber Carnival
441,"",Anthology Of English Verse
442,Cornelia Otis Skinner,Our Hearts Were Young And Gay
443,Pyotr Ilyich Tchaikovsky,The Scores Of The Symphonies
444,"",Family Photograph Album
445,"","Herr, Hier Bin Ich (prayers Of Life)"
446,Beatrix Potter,Works
447,D'arcy Thompson,Growth And Form
448,"",Book On Desert Island Cookery
449,Alice Bailey,White Magic
450,Mary Baker Eddy,"Science And Health, With Key To The Scriptures"
451,Anton Chekhov,Three Sisters
452,"",Volumes Of Her Autobiography
453,Robert Stroud,The Birdman Of Alcatraz
454,"",Enquire Within Upon Everything
455,"",Larousse Gastronomique
456,Lord A P Wavell,Other Men's Flowers
457,"",Anglo-french Dictionary
458,Homer,Bi-lingual Edition
459,"",Blank Pages And Pencils
460,"",Selection Of English Poetry
461,"",Textbook On Anthropology
462,Frances Hodgson Burnett,The Secret Garden
463,Plato,Dialogues
464,Charles Dickens,Bleak House
465,Charles Dickens,Martin Chuzzlewit
466,Stella Gibbons,Cold Comfort Farm
467,Gabriel Chevallier,Clochemerle
468,Peter Ouspensky,Search For The Miraculous
469,Peter Ouspensky,New Model Of The Universe
470,Harold Getty,The Raft Book
471,Sir Winston Churchill,Reminiscences Of Early Life
472,Paul Gallico,The Snow Goose
473,Charles Dickens,Her Favourite Novels
474,T S Eliot,Poetry
475,Marguerite Young,Mrs Mackintosh My Darling
476,William Wordsworth,Complete Works
477,"",Whitaker's Almanack
478,Pope John Xxiii,The Diary Of A Soul
479,"",Illustrated Book On Greek Mythology
480,Marguerite Steen,The Sun Is My Undoing
481,Jane Austen,Collected Novels
482,"",Notebook And Pencil
483,Marguerite Yourcenar,Hadrian's Memoirs
484,"",Who's Who
485,"",Anthology Of World Poetry
486,Konstantin Paustovsky,The Telegram
487,Konstantin Paustovsky,A Story Of Life
488,"",Manual Of Astronomy Plus A Bookmark With A Photograph Of Michelangelo's Pieta
489,Macneill Dixon,The Human Situation
490,"",Personal Anthology Of Poetry
491,"",Book With Blank Pages And A Pen
492,"",Biography Of Bette Davis
493,Laozi,A Way Of Life
494,Gerald Durrell,My Family And Other Animals
495,Ian Fleming,James Bond Novels
496,Herbert Tarr,The Conversion Of Charlie Cohen
497,"",Atlas
498,"",Vaughan Haddock's Book Of Modern Verse
499,Ralph Waldo Emerson,Essays
500,"",English Dictionary
501,"",Reproductions Of Her Favourite Pictures
502,John Galsworthy,The Forsyte Saga
503,Oscar Wilde,The Happy Prince And Other Tales
504,"",Compilation Of Works Of Philosophy
505,"",Book On Mathematics
506,Johann Wolfgang Goethe,Plays
507,Sir Winston Churchill,History Of The English Speaking Peoples
508,Ogden Nash,Poems
509,John Osborne,Collected Plays
510,Billy Wright,Book Of Soccer
511,Hendrik Van Loon,The Story Of Mankind
512,H G Wells,The Science Of Life
513,Sheridan,The Plays
514,"",Book Of Common Prayer
515,J.d. Salinger,The Catcher In The Rye
516,Norman Collins,London Belongs To Me
517,John Milton,Paradise Lost
518,Leo Tolstoy,What Then Must We Do
519,Otto Goldschmidt,Memoirs Of Jenny Lind
520,"",The Week-end Book
521,Fougasse,Drawings
522,Kenneth Grahame,The Wind In The Willows
523,Jean Racine,Plays
524,James Frazer,The Golden Bough
525,"",Her Husband's Handwritten Limericks
526,Johann Wolfgang Goethe,A Philosophical Work
527,"",French Cookery Book
528,W. Somerset Maugham,A Novel
529,Eartha Kitt,Autobiography
530,"",Large Book Of Short Stories
531,Talbot Baines,Fifth Form Of St Dominic's
532,"",Bible
533,Gustave Flaubert,Madam Bovary
534,"",Mediterranean Cookbook
535,Dr Thor Heyerdahl,Kontiki
536,Thomas A Kempis,Imitation Of Christ
537,Kurt Vonnegut,Slaughterhouse-five
538,Jack Kerouac,On The Road
539,Sholem Aleichem,Complete Works
540,Emile Zola,Germinal
541,Pauline Prescott,Smile Though Your Heart Is Breaking
542,"",A Guide To Learning The Piano
543,W B Lord,Shifts And Expedients Of Camp Life
544,William Barry Lord,Shifts And Expedients Of Camp Life
545,"",Tang Shi Sanbai Shou (three Hundred Tang Poems)
546,"",A Big Atlas
547,P G Wodehouse,The Collected Works
548,P G Wodehouse,His Favourite Book
549,John David Jackson,Classical Electrodynamics
550,Anthony Trollope,The Complete Works
551,"",The Talmud
552,Robert Hardy Matthew Strickland,The Great Warbow
553,"",French Dictionary
554,Wole Soyinka,The Complete Works
555,Sir Arthur Conan Doyle,Complete Sherlock Holmes
556,"",The Biggest Possible Encyclopedia
557,"",Thesaurus
558,"",A Photographic Album With Pictures Of His Family
559,Spike Milligan,Puckoon
560,S J Perelman,The Most Of S.j.perelman
561,Woody Allen,The Complete Prose Woody Allen By
562,Saki,The Complete Works Of Saki
563,"",A Tropical Recipe Book
564,Cormac Mccarthy,All The Pretty Horses
565,August Wilson,The Complete Works Of August Wilson
566,Andy Ripley,Ripley's World
567,Christopher Ricks,The Oxford Book Of English Verse
568,Doris Kearns Goodwin,Team Of Rivals: The Political Genius Of Abraham Lincoln
569,Robert Burns,The Complete Works Of Robert Burns
570,Anton Chekhov,The Complete Plays Of Anton Chekhov
571,W. Somerset Maugham,A Volume Of Somerset Maugham's Short Stories
572,Lars Svensson,A Collins Bird Book
573,Nigel Norman,Book His Father: Verses 1911 - 1943 By
574,Evelyn Waugh,Scoop
575,Kurt Vonnegut,Breakfast Of Champions
576,Roy Fisher,The Long And The Short Of It: Poems 1955-2005
577,Confucius,The Analects Of Confucius
578,Naguib Mahfouz,The Cairo Trilogy
579,Robert Tressell,The Ragged Trousered Philanthropists
580,Lawrence James,The Rise And Fall Of The British Empire
581,Edward Bulwer-lytton,Zanoni
582,P G Wodehouse,The Complete Works
583,"",Matchbook
584,"",The Book Of Alcoholics Anonymous
585,"",Book Of Poems
586,"",Teach Yourself French
587,George Mikes,How To Be An Alien
588,Dylan Thomas,Collected Works
589,Charles Darwin,The Voyage Of The Beagle
590,Ken Follet,The Pillars Of The Earth
591,Dave Pelz,Short Game Of Golf
592,Sir Roger Penrose,The Road To Reality
593,Jonathan Harvey,Beautiful Thing
594,Robert Louis Stevenson,Treasure Island
595,Don Delillo,Libra
596,Sir George Grove,Operatic Dictionary Of Music
597,Ayn Rand,The Fountainhead
598,Benny Green,Such Sweet Thunder: Benny Green On Jazz
599,Dorothy Parker,The Penguin Dorothy Parker
600,Wisden,The Collected Cricketers' Almanac
601,"",Photo Album Of Family Friends
602,Charles Chilton,Journey Into Space
603,Richmal Crompton,Audiobook Of Martin Jarvis Reading Just William
604,Laurence Sterne,The Life And Opinions Of Tristram Shandy
605,Bear Grylls,Man Vs Wild - Survival Techniques From The Most Dangerous Places On Earth
606,Victor Hugo,The Works
607,Sybille Bedford,A Legacy
608,Evelyn Waugh,Decline And Fall
609,Dionysius Lardner,The Cabinet Cyclopedia
610,"",The Reader's Digest Complete Do It Yourself Manual
611,Patrick O'brien,Post Captain In The Aubrey/maturin Series
612,John Hayward,The Faber Book Of English Verse
613,Brian Keenan,An Evil Cradling
614,"",The Melbourne Street Directory
615,Max Beerbohm,The Collected Works
616,Ck Scott Moncrieff (transl.),Remembrance Of Things Past (proust)
617,David Diop,Coups De Pilon
618,Suzanna Clarke,Jonathan Strange And Mr Norrell
619,George Bernard Shaw,The Plays
620,Brigitte Lardinois,Magnum Magnum
621,Nelson Mandela,Long Walk To Freedom
622,"",The Air Publication 1234 (raf Manual)
623,Hilaire Belloc,Cautionary Tales
624,James Lawton,Collected Writings
625,"",Decent Translation Of The Koran
626,Hermann Hesse,The Glass Bead Game
627,Peter Ackroyd,Blake
628,Iain Banks,The Complete Works
629,Alice Munro,Selected Stories
630,Dante Alighieri,The Divine Comedy (with Translation)
631,Douglas Adams,The Hitchhiker's Guide To The Galaxy
632,Robert Musil,The Man Without Qualities
633,"",Teach Yourself Piano Tuning
634,Philip Pullman,His Dark Materials Trilogy
635,Jonathan Lynn,"Yes, Minister"
636,W G Sebald,Austerlitz
637,W. Somerset Maugham,The Collected Works
638,Anne Frank,The Diary Of Anne Frank
639,John Steinbeck,The Collected Works
640,Marcel Proust,The Collected Works
641,Neil Gaiman,The Sandman Series
642,Michel De Montaigne,Collected Essays
643,"",Largest Anthology Of Poetry Possible
644,"",A Parallel Text Of The Bhagvad Gita
645,Miguel De Cervantes,Don Quixote
646,"",Biggest Poetry Anthology Possible
647,Colin Macinnes,Absolute Beginners
648,George Macdonald Fraser,Complete Books Of Flashman
649,Anthony Trollope,The Collected Works
650,Cole Porter,The Cole Porter Songbook
651,Ivan Turgenev,First Love
652,John Wain,Oxford Anthology Of English Poetry
653,Nelson Mandela,A Long Walk To Freedom
654,"",Handbook On Tropical Vegetation
655,Samuel Pepys,Diaries
656,Doris Lessing,Any Book Of Short Stories
657,Aleksandr Pushkin,Complete Works
658,Charles Dickens,Great Expectations
659,George Bernard Shaw,Collected Plays
660,Philip Larkin,Oxford Book Of Twentieth-century English Verse
661,"",Huge Book Of English Poetry
662,"",Book On Medieval History
663,"",A Coffee Table Book Of Art
664,Francis Child,Collection Of Popular Songs Of England Scotland
665,J. Pelling,Lessons In Ndebele
666,Dennis Genpo Merzel,The Path Of The Human Being
667,Dylan Thomas,Complete Works
668,Bertrand Russell,The History Of Western Philosophy
669,Martin Heidegger,Being And Time
670,Ryszard Kapuscinski,The Collected Works
671,"",1972 Social Registry Of New York
672,Adam Smith,Wealth Of Nations
673,"",An Art Book On Gothic And Renaissance Altar Pieces
674,Arthur Miller,Complete Works
675,Honore De Balzac,The Human Comedy
676,John Halpern,Biography Of John Osborne
677,Dr Samuel Johnson,Rasselas
678,"",A Large French Dictionary
679,Michelin,The Michelin Guide To France
680,"",Unabridged Collins/robert/ English /french Dictionary
681,Douglas Adams,The Deeper Meaning Of Liff
682,W H Auden,Collected Poetry
683,Paul Brickhill,Reach For The Sky: The Story Of Douglas Bader
684,James Thurber,Collected Works
685,Harold Mcgee,On Food And Cooking: The Science And Lore Of The Kitchen
686,Thomas Mallory,Le Mort D'arthur
687,Mervyn Peake,Captain Slaughterboard Drops Anchor
688,Jackie Collins,Hollywood Wives
689,Carl Sandburg,The Complete Poems
690,Henry Vaughan,Collected Poems Of Henry Vaughan
691,Lord A P Wavell,Other Men's Flowers: An Anthology Of Poetry
692,"",Family Photograph Albums
693,"",A Book About Learning To Paint
694,H G Wells,Complete Short Stories
695,Hugh Fearnley-whittingstall,The River Cottage Cookbook
696,Niall Ferguson,How Britain Made The Modern World
697,Benedict Spinoza,Ethics
698,"",The Joy Of Cooking
699,"",Oxford Latin Dictionary
700,Giorgos Seferis,Bilingual Edition Of Poetry
701,Clifford Ashley,Ashley Books Of Knots
702,"",Construction Manual
703,"",The History Of The Derby
704,"",Teach Yourself Mathematics Illustrated By Voluptuous Women
705,Woody Allen,Stories
706,"",London A-z
707,"",Set Of Hansard
708,Geoffrey Chaucer,The Collected Works
709,William James,The Variety Of Religious Experiences
710,Charles Dickens,Christmas Carol
711,"",Homer - An Indian Paper Edition (to Translate)
712,Hermann Hesse,Demian
713,E.m Forster,A Passage To India
714,Richard Carlson,"Stop Thinking, Start Living"
715,Lawrence Goldman,Oxford Dictionary Of National Biography
716,James Gillray,Reproductions Of Works
717,Derek Jarman,Derek Jarman's Garden
718,Mahatma Gandhi,The Collected Writings
719,John Burnside,"Wild Reckoning, An Anthology Provoked Rachel Carson's Silent Spring By"
720,Richard Brautigan,Sombrero Fallout
721,"",A Compendium Of The World's Best Science Fiction
722,Clifford Ashley,Ashley's Book Of Knots
723,"",Book Of Short Stories
724,Blaise Pascal,Pensees
725,Epictetus,The Collected Works
726,J B Morton,Complete Works Of Beachcomber
727,Beachcomber,The Complete Works
728,Francis M Cornford,Microcosmographia Academica
729,"",Sanskrit Dictionary
730,Libbie Henrietta Hyman,The Invertebrates
731,John Livingstone Lowe,The Road To Xanadu
732,Charles Dickens,Any Book
733,Pedro Juan Gutierrez,Dirty Trilogy Of Havana
734,Engelbert Humperdinck,What's In A Name?
735,Giuseppe Di Lampedusa,The Leopard (in Italian English)
736,John Keegan,The Works Of Historian John Keegan: The First World War The Second World War Collected Into One Volume
737,"",The Koran (in Arabic And English)
738,Kenneth Williams,Diaries
739,"","World Atlas, Extended"
740,Robert Louis Stevenson,Treasure Island Kidnapped As One Volume
741,Richard Burton,Tales From Arabia: One Thousand And One Nights
742,Richard Burton,Translation Of The Arabian Nights
743,"",Blank Book And Pen
744,Charles Dickens,Nicholas Nickleby
745,Robert Caro,The Years Of Lyndon Johnson
746,Geoffrey Willans,Molesworth
747,Lewis Carroll,The Complete Works
748,"",Propylaen Kunstgeschichte - The History Of Art
749,Jane Austen,Mansfield Park
750,John Cowper Powys,A Glastonbury Romance
751,Helmut Newton,Sumo
752,Bach,The Complete Works
753,Ernest Hemingway,1st Edition Of 49 Stories
754,Alain Robbe-grilles,Repetition
755,Paulo Coelho,The Alchemist: A Fable About Following Your Dream
756,"",The New Oxford Book Of English Verse
757,Christopher Brickell,The Rhs A-z Encyclopaedia Of Garden Plants
758,Henry Longhurst,The Essential Henry Longhurst
759,Mary Norton,The Borrowers
760,Patrick O'brien,The Complete Works
761,P G Wodehouse,A Pelican At Blandings
762,John Buchan,"The Four Adventures Of Richard Hannay: The 39 Steps, Greenmantle, Mr Standfast, The Three Hostages"
763,Brendan Kennelly,Glimpses
764,Prof Paul Fussell,The Great War And Modern Memory
765,Charles Dickens,Barnaby Rudge
766,Frank Mccourt,Angela's Ashes
767,Giovanni Battista Piranesi,The Prisons (le Carceri): The Complete First And Second States
768,C S Lewis,The Complete Chronicles Of Narnia
769,Gerard Manley Hopkins,Major Works
770,Philippe Delerm,La Premiere Gorgee De Biere Et Autres Plaisirs Minuscules
771,Anton Chekhov,Short Stories
772,"",An English Translation Of The Koran
773,Wallace Earle Stegner,All The Little Live Things
774,Robert Allen,The Giant Book Of Mensa Puzzles
775,"",A Dictionary Of Flora And Fauna
776,"",A Chord Book Full Of Songs And Arias
777,"",Yoga Manual
778,John Burroughs,An Anthology Of Poems Which Include The Poem Waiting
779,W H Auden,Collection Of Poems
780,William Faulkner,The Sound And The Fury
781,Lawrence Durrell,The Alexandria Quartet
782,Robert Service,Anthology Of Poetry
783,"",The National Hunt Form Book
784,Wallace Stevens,Collected Poetry And Prose
785,Carl Barks,The Complete Carl Barks Library
786,C S Lewis,Out Of The Silent Planet
787,P G Wodehouse,One Of The 'blandings' Novels
788,James Joyce,Portrait Of The Artist As A Young Man
789,"",A Concise Book Of Italian Verbs
790,"",A Set Of Books On Roman Republican And Imperial Coinage
791,"",Grove's Dictionary Of Music And Musicians
792,Anthony Bourdain,Kitchen Confidential
793,Hans Golombek,Capablanca's Hundred Best Games Of Chess
794,Anton Chekhov,Collected Short Stories
795,Jacob Bronowski,Ascent Of Man
796,Alan Fletcher,The Art Of Looking Sideways
797,Elly Dekker,Globes At Greenwich
798,Patrick O'brien,The Aubrey And Maturin Series 20-volume Complete Hardcover Set
799,"",Doesn't Read Books - Needs Notepaper And Pens To Write Recipes
800,Delia Smith,Complete Cookery Course
801,Robert Caro,The Master Of The Senate - The Years Of Lyndon Johnson (3rd Volume)
802,Ludwig Wittgenstein,Philosophical Investigations
803,Joseph Heller,Catch 22
804,"",Canoe Craft
805,Samuel Pepys,The Diary Of Samuel Pepys
806,"",Original Prayer Book Without Any Amendments
807,Seamus Heaney,Lifelines
808,Adrian Bell,Corduroy (his Father's First Book)
809,Feynman,Quantum Electro Dynamics Physics
810,"",Oxford Anthology Of English Verse
811,Thomas Hardy,Under The Greenwood Tree
812,Charles Mingus,Beneath The Underdog
813,Thomas Harris,The Silence Of The Lambs
814,James Boswell,Life Of Johnson
815,Nicos Kazantsakis,Christ Re-crucified
816,A E Houseman,A Shropshire Lad
817,"",Huge Tome On Fauna And Flora
818,"",Modern Chess Openings
819,Dylan Thomas,Collected Poems 1934-52
820,D A Warrell,Oxford Textbook Of Medicine
821,"",Complete Oxford English Dictionary
822,"",Combined Dictionary And Thesaurus
823,Bhagwan Shree Rajneesh,Book Of Secrets
824,E B White,The Collected Works
825,Aldous Huxley,The Perennial Philosophy
826,Samuel Beckett,Plays And Novels
827,"",Book With Plain Pages
828,Stendhal,Charterhouse Of Palma
829,"",Encyclopaedia Of Natural Medicine
830,Gustave Flaubert,Letters
831,"",A Huge Copy Of The Times Atlas
832,Sir Douglas Bader,Reach For The Skies
833,Lady Longford,Vol 1 Of Biography Of The Duke Of Wellington - Year Of The Sword
834,Michael Frayne,The Fattest Book
835,Alain De Botton,Proust: Time Regained
836,"",A Giant Photo Album Of His Four Children And Grandchildren That Goes Back Over Twenty Years.
837,John Betjeman,Collection Of Poems
838,"",His Diary Which He Has Kept Since He Was 18 - To Relive Life Since 1945
839,George Orwell,Collected Essays
840,Barbara Tuckman,Distant Mirror
841,Enrico Caruso,My Method Of Singing
842,Willy Messerschmitt,Book About How To Build A Plane Out Of Palm Fronds And Coconut Fibre
843,Flavius Josephus,The Complete Works
844,Wallace Stevens,The Collected Works
845,Dr Samuel Johnson,The Lives Of The Poets
846,Anthony Trollope,The Warden
847,"",Book On Zoology
848,"",A Book On Celestial Navigation
849,James Baldwin,Notes Of A Native Son
850,Shelby Foote,History Of The American Civil War
851,Frances A Yates,The Art Of Memory
852,Sigmund Freud,Interpretation Of Dreams
853,Michael Crichton,Any Book
854,Hugh Kingsmill,The High Hill Of The Muses - Anthology
855,Hugh Kingsmill,The High Hill Of The Muses
856,Henry James,Portrait Of A Lady
857,"",Field Guide To His Imaginary Island
858,Simon Jenkins,England's Thousand Best Churches
859,"",The Oxford Rhyming Dictionary
860,John Seymour,The Complete Book Of Self-sufficiency
861,John Seymour,Self Sufficiency
862,John Hadfield,A Book Of Beauty
863,Laurence Sterne,Tristram Shandy
864,Elizabeth David,French Provincial Cookery
865,Patrick O'brien,Master And Commander
866,"",Anthology Of Verse
867,Jorge Luis Borges,Complete Works
868,Norman Lindsay,The Magic Pudding
869,Frank Dalby Davison,Dusty
870,Thomas Hardy,Complete Works
871,E E Cummings,Complete Book Of Poetry
872,R S Timmis,Horse Management
873,"",The Book Of Lempster (old Irish Textbook Currently In The Hague)
874,Richard Gregory,Companions To The Mind
875,Mort Rosenslum,Olives: The Life And Love Of A Noble Fruit
876,John O'donohue,Eternal Echoes
877,Charles Dickens,A Tale Of Two Cities
878,S J Perelman,Crazy Like A Fox
879,Francis Palgrave,Golden Treasury Of English Songs And Lyrics
880,Jose Bergua,An Anthology Of Poetry - 'las Mil Mejores Poesia' Dela Lengua Castellana
881,Frederico Garcia Lorca,Collected Poetry
882,William Shakespeare,"Translation In Either German, Italian Or Czech"
883,"",Bible In German
884,"",Foreign Translation Of A Long English Novel
885,"",Guinness Book Of Pop
886,Bill Bryson,The Lost Continent
887,Beatrix Potter,Collection
888,"",Volume On Elementary Calculus
889,Raoul C Faure,The Spear In The Sand
890,Lewis Carroll,The Adventures Of Alice
891,George Lampton,Men And Horses I Have Known
892,Charles Lindbergh,The Spirit Of St Louis
893,John Buchan,The Thirty-nine Steps
894,"",Encyclopaedia Britannica On Cd-rom
895,"",Beautifully Bound Blank Book
896,"","Blank, Lined Book"
897,Richard Bach,Jonathan Livingstone Seagull
898,"",(the New) La Rousse Encyclopaedia Of Mythology
899,J Meade Falkner,Moonfleet
900,Sir Michael Howard,The Franco Prussian War - The German Invasion Of France 1870-1871
901,James Joyce,Finnegan's Wake
902,Steve Johnson,Everton - The Complete Record
903,"","History Of Viticulture, With Instructions On How To Make Wine"
904,Roger Scruton,The Aesthetics Of Music
905,"",Book On Astronomy
906,Ernst Bloch,Principle Of Hope
907,William Blake,The Collected Works
908,"",Blank Sheets To Write His Thoughts On Imagination And Memory
909,Joseph Needham,Science And Civilisation In China
910,William Wordsworth,Prelude - Penguin Edition
911,Douglas Hofstadter,"Godel, Escher, Bach"
912,Isaac Walton,The Complete Angler
913,Geoffrey Grigson,Anthology: The English Year
914,A E Houseman,The Collected Works
915,"",Flora And Fauna Of A Tropical Desert Island
916,"",Times Atlas Of World History
917,"",Collection Of Landscape Pictures (with Book)
918,Sean O'casey,The Collected Works
919,Bach,Collected Piano Works
920,Edith Sitwell,The Atlantic Book
921,Andrea Palladio,Four Books Of Architecture
922,Aldous Huxley,Ends And Means
923,Monty Python,The Complete Monty Python Television Scripts
924,Ripley,Ripley's Believe It Or Not
925,Percy Shelley,Poetical Works Of Shelley
926,Dante Alighieri,English Translations And Original Italian Works
927,Gary Larson,Collective Cartoons
928,Frank J Tipler,The Physics Of Immortality
929,Mirza Ghalib,Complete Works
930,Lawrence Norfolk,Lempieres' Dictionary
931,P C Wren,Beau Jeste
932,Athol Fugard,Unpublished Notes
933,Emile Massal,Edible Plants Of The South Seas
934,Jean Renoir,The Notebooks Of Captain Georges
935,Tammy Wynette,Stand Your Man By
936,Vincent Price,Vincent Price's Cookery Book
937,"",Macmillan Dictionary Of Art
938,Omar Khayyam,The Collected Works
939,Omar Khayyam,The Rubaiyat
940,Walter Scott,Ivanhoe
941,"",Encyclopaedia Of How To Survive
942,Mark Twain,Adventures Of Tom Sawyer
943,David Hume,Enquiry Concerning Human Understanding And The Principles Of Morals
944,"",His Wedding Photo Album
945,Salman Rushdie,The Moor's Last Sigh
946,Daniel Boorstin,The Discoverers
947,H G Wells,History Of The World
948,"",Volume Of Reproductions Of Paintings
949,Michel De Montaigne,Essays
950,"",A Self-learn Italian Book (slowly)
951,Wisden,Wisden Almanack For Cricketers
952,Bernard Cornwell,Sharpe's Eagle
953,Sir Ernst Gombrich,The Story Of Art
954,Brian Groombridge,Global Biodiversity
955,"",500 Year Ahead Calendar And Appointment Book
956,"",A Book On How To Build A Boat
957,"",Manual On Practical Engineering
958,"",The New York Phone Book
959,Barbara Ann Kipfer,"14,000 Things To Be Happy About"
960,William Shakespeare,Hamlet (1897 Edition)
961,Pierre Teilhard De Chardin,The Phenomenon Of Man
962,Marcel Proust,Complete Works
963,G A Henty,Through Russian Snows
964,Hoffman,Tales
965,Sir Peter Meddower,Pluto's Republic
966,"",A Book With Pictures (of Pretty Women)
967,Peter Ouspensky,In Search Of The Miraculous
968,"",Times Atlas Of The World
969,"",How To Swim
970,"",R.c.t.s. History Of Great Western Railway Engines
971,William Langland,Piers Plowman (in Middle English)
972,Herge,King Ottokar's Sceptre (the Adventures Of Tin Tin)
973,Marcel Proust,Du Cote De Chez Swann
974,"",A Guide To The Universe (astronomy)
975,Pablo Neruda,Canto General
976,T H White,The Sword In The Stone
977,Hewlett Johnson,The Socialist Sixth Of The World
978,Dr Samuel Johnson,Dr. Johnson's Lexicographic Works
979,P G Wodehouse,The Jeeves Omnibus
980,Charles Dickens,(instead Of Shakespeare) Collected Works
981,Bertrand Russell,A History Of Western Philosophy
982,"",The Complete Boatbuilder's Book
983,Eugene Delacroix,Journal De Eugene Delacroix
984,Thomas Mann,Joseph And His Brothers
985,Branch Taylor,Parting The Waters
986,"",Apophthegmata Patrum (early Writing Of Egyptian Fathers)
987,Martin Gilbert,Biography Of Churchill
988,John Steinbeck,The Grapes Of Wrath
989,"",Encyclopaedia Of The Libretti Of All The Well-known Operas
990,Franz Schubert,Songs From The 1880s With Piano Accompaniment
991,Constance Spry,The Cookery Book
992,Rudyard Kipling,Book Of Verse
993,"",A Chess Strategy Book (in Brail)
994,"",Times Atlas Of The Night Sky
995,Mervyn Peake,Gormenghast
996,"",The Oxford Book Of Quotations
997,"","The Oxford Book Of Verse, Especially 'apologia' (newman)"
998,Lord David Cecil,The Life Of Lord Melbourne
999,P G Wodehouse,Omnibus Of Golfing Stories
1000,"",A Latin Primer
1001,"",Dictionary Of Musical Themes
1002,"",A Book About Warfare
1003,Gary Larson,Prehistory Of The Far Side
1004,Ernest Hemingway,Essential Hemingway
1005,"",Eagle Annual
1006,"",The Oxford Anthology Of Modern Poetry
1007,Rudi Blesh,Buster Keaton Biography
1008,Samuel Taylor Coleridge,The Collected Works
1009,Primo Levi,If This Be A Man
1010,Karl Jung,"Memories, Dreams And Reflections"
1011,Rinpoche,Tibetan Book Of Living And Dying
1012,P G Wodehouse,Mr Mulliner's Memoirs
1013,Patrick Moore,An Astronomy Book
1014,John Betjeman,Collected Poems
1015,Marion Zimmer Bradley,The Myths Of Avalon
1016,Anton Chekhov,Michael Frayn Translation Of Complete Plays
1017,Paul Kennedy,Rise And Fall Of The Great Powers
1018,"",Beano Annual 1974
1019,Gilbert White,The Natural History Of Selborne
1020,Hector Berlioz,Memoirs
1021,Evelyn Waugh,Vile Bodies
1022,"",Life Of John F Kennedy
1023,"",Complete Cambridge Histories
1024,D.h. Lawrence,Sons And Lovers
1025,J R R Tolkien,The Hobbit
1026,"",Welsh-english Dictionary
1027,Johann Wolfgang Goethe,Goethe's Poems
1028,Aleksandr Pushkin,"Works, Prose And Verse"
1029,Anthony Powell,Valley Of Bones
1030,James Thurber,Selected Works
1031,"","Anthology Of Russian, American English Stories"
1032,Raymond Chandler,Lady In The Lake
1033,Anthony Trollope,The Small House At Allington
1034,"",A Gardening Book
1035,Gorden Kaye,This Is Your Life
1036,"",Bound Volumes Of The Engineer Magazine
1037,Francis Palgrave,The Golden Treasury
1038,"",1515-1985 British Music Theatre Book
1039,William Blake,Songs Of Innocence And Experience
1040,"",Dictonary Of English Quotations
1041,Jonathan Swift,Gulliver's Travels
1042,Iqbal,Bang-e Dara
1043,Andre Malraux,The Voices Of Silence
1044,Thomas Mann,Dr. Faustus
1045,Anthony Trollope,They Way We Live Now
1046,Robert Burns,The Collected Works
1047,James Stephens,The Crock Of Gold
1048,Fernand Point,Ma Gastronomie
1049,"",Anthology Of Poems
1050,Marcel Proust,A Title In French
1051,C S Lewis,Sagittarius Surviving
1052,"",Book Of Modern Poetry
1053,J B Priestley,Collected Plays
1054,Sir Arthur Conan Doyle,Complete Sherlock Holmes Short Stories
1055,Paul Scott,Raj Quartet
1056,Judi Dench,A Talking Book
1057,"",A Book Of Greek Poetry
1058,Richard Rorty,"Contingency, Irony Solidarity"
1059,Donal O'sullivan,The Life Times And Music Of An Irish Harper
1060,"",A Tropical Plant Book In Italian With English Gloss
1061,Homer,The Iliad In Greek English
1062,John Le Carre,Smiley's People
1063,Charles Dickens,Mystery Of Edwin Drood
1064,Thomas Wolfe,Look Homeward Angel
1065,"",Wisden Almanack For Cricketers
1066,"",Books Identifying Birds And Fish
1067,Saint Augustine,City Of God
1068,Hermann Hesse,Reflections
1069,Sir David Napley,Great Murder Trials Of 20th Century
1070,Robert Graves,Anthology Of Verse
1071,Bernard Maclaverty,Short Stories
1072,Asimov,Guide To Science
1073,"",1946 Wisden Almanack For Cricketers
1074,Prigogine,Non-equilibrium Thermo Dynamics
1075,Raine Maria Rilke,Collected Poems
1076,Benny Green,Let's Face The Music
1077,Ronald Blythe,Akenfield
1078,Alison Plowman,Caroline And Charlotte
1079,"",Encyclopaedia Of Species Of Fish Of The World
1080,Victor Gollancz,A Year Of Grace
1081,Sid Chaplin,Smell Of Sunday Dinner
1082,Peter Matthiessen,At Play In The Fields Of The Lord
1083,Wilkie Collins,The Moonstone
1084,Sir Arthur Conan Doyle,Collection Of Sherlock Holmes
1085,Caryl Brahms,No Bed For Bacon
1086,"",Teach Yourself Japanese Phrase Book
1087,Guy De Maupassant,Short Stories
1088,"",Who Was Who
1089,Jacob Burckhardt,History Of The Renaissance
1090,Capability Brown,A Title
1091,"",Old Testament In Hebrew Greek
1092,Karl Marx,Das Kapital
1093,"",Volume Of The Works Of The Impressionist Painters
1094,Richard Aldington,A Dream In The Luxembourg
1095,Alistair Fraser,Fraser's Horse Book
1096,James Thurber,A Volume
1097,Lord Byron,Don Juan
1098,Billy Connolly,Collected Scripts
1099,"",Two Photographs (one Of Wife; One Of 1928 Blackburn Rovers Team)
1100,Virgil,The Collected Works
1101,John Foxe,Book Of Martyrs
1102,"",The Guinness Book Of Records
1103,"",His Own Anthology Of Poems
1104,Benny Green,A Compilation
1105,"",The Oxford Book Of Twentieth-century Verse (selected By Philip Larkin)
1106,"",Opera Di M. Bartolomeo Scappi (recipe Book Of Pope's Chef In 1525)
1107,"",The Biggest Value Of Pure Maths
1108,P G Wodehouse,Uncle Fred In Springtime
1109,R H Tawney,Essays On Equality
1110,P J O'rourke,Republican Party Reptile
1111,Homer,The Works
1112,W A Poucher,The Lakeland Peaks (photographs)
1113,Peter Wright,Spycatcher
1114,William Hazlitt,Collected Essays
1115,Dr Samuel Johnson,The Dictionary
1116,"",The Dictionary Of Trees And Shrubs
1117,Walter Scott,The Antiquary
1118,"",Blank Sketchbook Or Journal
1119,"",Compiled Anthology Of English Poetry
1120,J B Priestley,The Complete Works
1121,Curnonsky,Cuisine Et Vins De France
1122,"",The Michelin Guide To France
1123,Robert Bontine Cunninghame Graham,A Vanished Arcadia
1124,Ferdinand Ossendowski,"Beasts, Men And Gods"
1125,Ferdinand Ossendowski,"Men, Beasts And Gods"
1126,"",A Book On Plato
1127,Jim Swanton,Barclays World Of Cricket
1128,Hugh Johnson,Pocket Wine Book 1987
1129,Elizabeth David,An Omelette And A Glass Of Wine
1130,Sir Winston Churchill,A History Of The English-speaking Peoples
1131,"",A Cricketing Almanac
1132,William Wordsworth,The Prelude
1133,Fyodor Dostoyevsky,Crime Punishment
1134,Leonardo Da Vinci,The Complete Works
1135,H G Wells,A Quartet Of Comedies
1136,Thomas Wolfe,"Look Homeward, Angel"
1137,Robert Graves,Collected Poetry
1138,"",Book On Flora Fauna On The Island
1139,"",Handbook Of Physics
1140,"",Boy Scout Manual
1141,H G Wells,Anthology Including The History Of Mr Polly
1142,H E Bates,The Modern Short Story
1143,Louis-ferdinand Celine,Death On The Installment Plan
1144,"",The Good Food Guide
1145,Arthur Pink,Commentary On The Bible
1146,E.m Forster,Works
1147,Ruth Prawer Jhabvala,Works
1148,Anne Rice,Interview With A Vampire
1149,"",Webster's International Dictionary
1150,"",The Exchange Mart
1151,"",Cricket Annuals: 1920 Onwards
1152,J P Donleavy,"The Destinies Of Darcy Dancer, Gentleman"
1153,"",Joke Book
1154,A C Bradley,Shakespearean Tragedy
1155,"",Wisden Almanack
1156,Sir Arthur Conan Doyle,A Number Of Sherlock Holmes Novels
1157,"",Mail Order Catalogue
1158,"",Partridge's Dictionary Of Slang
1159,"",Manual On How To Swim
1160,Joseph Campbell,The Hero With The Thousand Faces
1161,Frederick Bodmer,The Loom Of Language
1162,Dante Alighieri,Inferno In Two Languages
1163,"",Blank Pages
1164,Endre Ady,Collected Poems
1165,"",The Oxford Companion To English Literature
1166,Benny Green,The Wisden Anthology Of Cricket
1167,R G Collingwood,The Principles Of Art
1168,P G Wodehouse,Collection Of Jeeves Wooster Stories
1169,"",Set Of Wisden Almanack
1170,"",A Book Of Quotations
1171,Connie Clausen,"I Love You, Honey, But The Season's Over"
1172,"",11th Edition Of Encyclopaedia Britannica
1173,G.k. Chesterton,Anthology
1174,James Herriot,Omnibus Of Books
1175,James Boswell,A Journal Of A Tour To The Hebrides
1176,Moliere,Complete Plays
1177,"",Book On Pure Mathematics
1178,Paul Brunton,The Inner Reality
1179,Auguste Rodin,The Cathedrals Of France
1180,Esther Meynell,La Petite Chronique D'anna Magdalena Bach
1181,"",Complete Webster's English Dictionary
1182,Louis Saulnier,Le Repertoire De La Cuisine
1183,"",One Year Of Issues Of The Times
1184,Gerard Manley Hopkins,Poetry
1185,Duke Ellington,Music Is My Mistress
1186,G M Trevelyan,English Social History
1187,"",Diary
1188,"",Compendium Of Wines
1189,Dave Brubeck,Musical Arrangements
1190,William Blake,The Complete Works
1191,"",Phone Book
1192,Sir Arthur Conan Doyle,The Penguin Complete Sherlock Holmes
1193,"",The New Grove Dictionary Of Music Musicians
1194,John Keats,Letters
1195,Mortimer J Adler,Great Treasury Of Western Thought
1196,"",Book Of Quotations
1197,George Bernard Shaw,Political Works And Music Criticism
1198,Italo Calvino,If On A Winter's Night A Traveller
1199,Evelyn Waugh,Brideshead Revisited (in Greek)
1200,"",Scrapbook Of Poetry
1201,"",A Year's Supply Of The Exchange Mart
1202,Flann O'brien,The Complete Works
1203,E F Benson,Lucia Novels
1204,"",Collection Of 16th And 17th Century English Poetry
1205,Geoffrey Chaucer,The Complete Works
1206,E.m Forster,A Book
1207,Louis Bruggeman,Tropical Plants And Their Cultivation
1208,John Julius Norwich,Britain's Heritage
1209,Laurie Lee,I Can't Stay Long
1210,Beethoven,Letters
1211,"",Colour Reproduction Of Renaissance Artists
1212,"",The Admiralty Seamanship Manual
1213,A E Ellis,The Rack
1214,Giorgio Vasari,Lives Of The Artists
1215,Jan Morris,Pax Britannica
1216,Tom Sharpe,The Throwback
1217,"",The Methodist Hymn Book
1218,Edmond Goncourt,Journal
1219,Julia Childs,Cookery Book
1220,"",Comprehensive World Airways Timetable
1221,Sir Banister Fletcher,A History Of Architecture On The Comparative Method
1222,William Shakespeare,The Collected Works
1223,"",Pears Cyclopaedia
1224,Sir Anton Dolin,Friends And Memories
1225,"",Field Guide To The Birds Of The Island
1226,Beethoven,Piano Sonatas
1227,Homer,The Odyssey (translation W H D Rouse) By
1228,"",Anthology Of Humour
1229,Jeremy Taylor,Holy Living And Holy Dying
1230,"",Personally Compiled Anthology
1231,Linda Mccartney,Linda's Pictures
1232,Martin Gilbert,The Document Volumes Of The Churchill Biography
1233,"",Crossword Puzzles And Pencils
1234,"",Piano Manual
1235,Lord Tennyson,Complete Works
1236,"",Book With Blank Cork Pages
1237,"",Gardening Manual
1238,"","Books About Gardening, Painting And Boat Handling"
1239,Vladimir Nabokov,Ada
1240,James Joyce,Finnegans Wake
1241,Dr Samuel Johnson,Writings
1242,Wilbur Smith,Eagle In The Sky
1243,Emily Dickinson,The Complete Works
1244,Martin Ross,Experiences Of An Irish Rm
1245,"",History Of Orient Football Club
1246,James Clavell,Nobel House
1247,"",Boy Scout Hand Book
1248,John Donne,Meditations Upon Our Human Condition
1249,Arianna Stassinopoulos,Maria
1250,T C Mcluhan,Touch The Earth
1251,Bernard Darwin,The World That Fred Made
1252,Louis Untermeyer,Collin's Albatross Book Of Verse
1253,Pauline Reage,The Story Of O
1254,Ernest Hemingway,Collected Works
1255,Robert Louis Stevenson,As Many Works As Possible
1256,"",Times Concise Atlas
1257,E T Whittaker,A History Of Craven
1258,James Agate,Ego
1259,Sir Winston Churchill,Collected Speeches
1260,Fred Uhlman,Reunion
1261,James Clavell,Shogun
1262,"",Golf Instruction Book
1263,David Attenborough,Life On Earth
1264,Rabindranath Tagore,Poems
1265,A S Neill,Summerhill
1266,John Scarne,Card Games
1267,Yokoi,The Golden Man
1268,"",Personally-compiled Anthology
1269,"",Modern Wooden Yacht Construction
1270,Alban Butler,Lives Of The Saints
1271,Carl Sandburg,Abraham Lincoln
1272,John Wyndham,Novels
1273,"",Teach Yourself Mathematics
1274,"",1001 Gems Of English Poetry
1275,Alan Watts,The Wisdom Of Insecurity
1276,Stanley Dance,The World Of Duke Ellington
1277,Roger Martin Du Gard,Les Thibault
1278,P G Wodehouse,Three Early Novels
1279,"",Elizabethan Lyrics From Songbooks And Dramatists
1280,Thomas Mallory,Le Morte D'arthur
1281,Otto Preminger,Autobiography
1282,"",Scrapbook
1283,"",Baha'i Prayer Book
1284,Jorge Luis Borges,Labyrinths
1285,Helen Gardner,The New Oxford Book Of English Verse
1286,Cyril Connolly,The Unquiet Grave
1287,"",His Diaries To Date
1288,P G Wodehouse,The World Of Jeeves
1289,Yuarroros,The Poetry
1290,Henry James,Novels
1291,Colette,Earthly Paradise
1292,Leslie Greenwood,Flowers Of The World
1293,Ed Mcbain,Streets Of Gold
1294,"",His Visitors' Book
1295,"",Blank Book And A Pencil
1296,George Meredith,The Egoist
1297,Evelyn Waugh,Selection Of Novels
1298,John Bunyan,Pilgrim's Progress
1299,Alistair Maclean,Where Eagles Dare
1300,James Boswell,The Life Of Samuel Johnson
1301,"",The National Dictionary Of Biography
1302,Raymond Chandler,The Collected Works
1303,Idris Shah,Collected Stories
1304,Henry W Fowler,Modern English Usage
1305,"",Volume On Boat Building For Beginners
1306,Sir Arthur Conan Doyle,Complete Penguin Sherlock Holmes
1307,"",Blank Book And Pens
1308,Anna Sewell,Black Beauty
1309,Charles Montagu Doughty,Travels In The Arabian Desert
1310,"",Set Of The Shell County Guides
1311,Hart Crane,Poetry
1312,Emmanuel Kant,Book On Philosophy
1313,Harold Macmillan,Memoirs
1314,Stendhal,The Charterhouse Of Parma
1315,Lord Byron,The Complete Works
1316,Nevil Shute,Trustee From The Toolroom
1317,"",Book On Claude Monet
1318,George Bernard Shaw,Music Criticisms 1888-89
1319,Voltaire,Correspondence
1320,"",Instrument-making
1321,Dante Alighieri,Divine Comedy (in Italian With Dictionary)
1322,Alvin Toffler,Future Shock
1323,"",Shorthand Instruction Book With Paper And Pens
1324,Guiseppe Verdi,Letters
1325,William Gurney Benham,Book Of Quotations
1326,"",Blank Paper And Pencils
1327,"",Book On Elementary Calculus
1328,"",Atlas Of The Stars
1329,"",Study Book Of Six Languages
1330,Pierre Louys,Les Chansons De Bilitis
1331,Rudyard Kipling,Collected Poetry
1332,Carl Giles,Giles Cartoons
1333,W W Jacobs,Stories
1334,"",Comprehensive Book On Birds
1335,"",British Army Survival Manual
1336,"",The Boys' Own Annual For 1926
1337,"",Large Blank Book With Pencils
1338,"",Volume On Tropical Flora And Fauna
1339,Werner H Erhard,Transcript Of The Erhard Seminar Training Course
1340,Charles Groves,Grove's Dictionary Of Music And Musicians
1341,"",Complete Book Of World Cookery
1342,"",A Book About The Night Sky
1343,Dylan Thomas,Under Milk Wood
1344,"",Compendium Of World Philosophy
1345,Richard Jefferies,Bevis: The Story Of A Boy
1346,Edward Lear,The Complete Works
1347,Rudyard Kipling,The Complete Works
1348,Baha' I Allah,The Baha'i Revelation
1349,Mikhail Lermontov,A Hero Of Our Time
1350,J L Carr,The Harploe Report
1351,Francois-rene Vicomte De Chateaubriand,Memoirs D'outre-tombe
1352,"",English-spanish Dictionary
1353,"",The Form Book
1354,Voltaire,Candide
1355,"",Poetry From Around The World
1356,Saunders Lewis,The Complete Works
1357,"",Film Directory
1358,"",Gardeners' Yearbook
1359,George Macdonald Fraser,Diary Of An Old Soul
1360,"",The Art Of Modern French Cooking
1361,August Strindberg,The Lyric Dramas Of Strindberg
1362,Gilbert White,Natural History Of Selbourne
1363,Erskine Childers,The Riddle Of The Sands
1364,Hermann Bessmann,The Best Of
1365,"",Anthology Of English Poetry From 1400
1366,James Jones,From Here To Eternity
1367,John Galsworthy,Forsythe Saga
1368,"",Twenty-five Years Of New Yorker Cartoons
1369,Roget,Roget's Thesaurus
1370,Charles Baudelaire,Les Fleurs Du Mal
1371,Hilaire Belloc,The Collected Works
1372,"",A Book On The Musical Plays Of The Last Century
1373,"",Ontological Argument From St Anselm To Contempory Philosphers
1374,"",Street Map Of London
1375,Nevil Shute,Beyond The Black Stump
1376,"",Russian Grammar
1377,"",The Most Recent Publication Of Veterinary Medicine
1378,Oscar Wilde,Ballard Of Reading Gaol
1379,Paul Klee,The Seeing Eye
1380,Paul Klee,The Nature Of Nature
1381,"",Rhyming Dictionary
1382,John Henry Cardinal Newman,Collected Sermons
1383,William Robinson,The English Flower Garden
1384,Robert Browning,The Collected Works
1385,Harold Robbins,The Adventurers
1386,John Hillaby,Journey Through Britain
1387,"",Crossword Book
1388,Axel Munthe,Story Of San Michele
1389,Walt Kelly,Pogo Comic Strips
1390,"",Work On Botany
1391,Karlheinz Stockhausen,The Score Of Gruppen
1392,Edward Thomas,Collected Poems
1393,Auguste Escoffier,Ma Cuisine
1394,R S Surtees,Mr Sponge's Sporting Tour
1395,"","Men And Animals, A Book In Italian"
1396,Ernest Hemingway,Volume Of Short Stories
1397,Brigid Brophy,The Adventures Of God In Search Of The Black Girl
1398,W. Somerset Maugham,Short Stories
1399,Rudyard Kipling,Puck Of Pook's Hill
1400,"",Collection Of Welsh Poetry
1401,Sheridan Le Fanu,The House The Churchyard By
1402,"",Biography Of Leonardo Da Vinci
1403,James Fisher,Funny Way To Be A Hero
1404,"",Bradshaw's Railway Timetable
1405,"",Volume Of Crossword Puzzles
1406,Burke,Landed Gentry
1407,Roland Holst,Poetry
1408,"",Volume On Chess Championship Play
1409,Mark Van Doren,Anthology Of World Poetry
1410,"",Bound Volume Of Punch From The 1960s
1411,"",Timetable Of Passing Steamers
1412,"",Transcript Of The Watergate Hearings
1413,P G Wodehouse,Short Stories
1414,"",Penguin Book Of Quotations
1415,"",Blank Paper And A Typewriter
1416,W. Somerset Maugham,Short Stories Of Somerset Maugham
1417,"",History Of Mankind
1418,Henri Charriere,Papillon
1419,Walter De La Mare,Come Hither
1420,Gustave Kobbe,Complete Opera Book
1421,Leslie Thomas,The Virgin Soldiers
1422,"",Language Courses
1423,George Bernard Shaw,Prefaces
1424,Harvey Allen,Anthony Adverse
1425,"",Book On Plant Genetics
1426,"",Work On Astronomy
1427,Bach,48 Preludes And Fugues
1428,"",Encyclopaedia Of Gardening
1429,Leonide Massine,The Theory Of Choreography
1430,Emlyn Williams,The Corn Is Green
1431,Robertson Hare,Yours Indubitably
1432,"",His Own Autobiography
1433,Stanley Elliott,The European Settlement Of North America
1434,Ernest Hemingway,Death In The Afternoon
1435,Floyd Carter,Route 69
1436,"",Encyclopaedia Of Ancient Civilisations
1437,A.a. Milne,The House At Pooh Corner
1438,Franz Schubert,Lieder
1439,Sir Winston Churchill,Autobiography
1440,Georgette Heyer,Novels
1441,Phyllis Thompson,London Sparrow
1442,"",Any One From His Library
1443,"",Back Numbers Of The Reader's Digest
1444,"",Set Of Wisden
1445,Peter Daubeny,My World Of Theatre
1446,"",The Spotlight Casting Directory
1447,John Donne,Poems
1448,George Herbert,Poems
1449,"",A Selection To Sample
1450,Agatha Christie,Novels
1451,"",Book On Tropical Plants
1452,Henry David Thoreau,Walden
1453,Charles Dickens,A Christmas Carol
1454,Sir Thomas Browne,Religio Medici
1455,Terry Thomas,Filling The Gap
1456,Beatrix Potter,Collected Works
1457,Konstantin Stanislavsky,My Life In Art
1458,Cecil Taur,Small Talk At Wrayland
1459,Colonel Dodge,Hannibal
1460,Prosper Montagne,Larousse Gastronomique
1461,"",A Naturalist's Guide
1462,E T Whittaker,A Course Of Modern Analysis
1463,"",A Big Anthology
1464,"",General Semantics
1465,"",Dictionary Of Word And Phrase
1466,"",Do-it-yourself Book
1467,Viscount Montgomery Of Alamein,The History Of Warfare
1468,"",Royal Horticultural Society Dictionary
1469,"",Study Of Psychology
1470,W Macqueen-pope,"Gaiety, Theatre Of Enchantment"
1471,Richard Jefferies,The Story Of My Heart
1472,"",Teach-yourself Encyclopaedia
1473,Ernest Bramah,The Wallet Of Kai Lung
1474,John Skow,Survey Of London (1598)
1475,Walt Whitman,Leaves Of Grass
1476,"",Airways Timetable
1477,Fyodor Dostoyevsky,The Idiot
1478,"",History Of England
1479,"",Volume On Mathematical Logic
1480,"",Paperback Detective Stories
1481,Charlie Chaplin,My Autobiography
1482,"",Anthology Of Modern British Poetry
1483,Mary Baker Eddy,Books
1484,Henry Longhurst,Books
1485,Jane Austen,Novels
1486,St Francis Of Assisi,The Mirror Of Perfection - The Praise Of Created Things
1487,"",Manuals To Learn Foreign Languages
1488,"",Copy Of Wisden That Records His First Tour Of Australia
1489,Sir Winston Churchill,The Collected Works
1490,Saki,Report To Greco
1491,Ivor De Wolfe,Italian Townscape
1492,Ernest Bramah,Books
1493,"",Persian Dictionary
1494,James Michener,The Source
1495,Jacques Paul Migne,Patrologiae Curses Completus (221 Volumes)
1496,Dante Alighieri,Works
1497,Henry Mancini,Sounds And Scores
1498,"",Advanced Book On Building Small Boats
1499,Cyril Connolly,Complete Set Of Horizon
1500,Lupino Lane,How To Be A Comedian
1501,W. Somerset Maugham,Cakes And Ale
1502,W. Somerset Maugham,The Razor's Edge
1503,W. Somerset Maugham,The Circle
1504,William Warren Bartley,Philosophic Works
1505,Geoffrey Godden,Illustrated Encyclopaedia Of Pottery And Porcelain
1506,Plato,Republic
1507,Ralph Edwards,Dictionary Of English Furniture
1508,Damon Runyon,Short Stories
1509,Dale Carnegie,How To Win Friends And Influence People
1510,Charles Lamb,The Essays Of Elia
1511,Nigel Dennis,Cards Of Identity
1512,"",Textbook On Advanced Mechanical Engineering
1513,Homer,Collected Works
1514,E.m Forster,His Favourite Novels
1515,Damon Runyon,Collected Short Stories
1516,Robert Louis Stevenson,Virginibus Puerisque
1517,"",Press-cutting Albums
1518,Robert Burns,Songs And Poems
1519,Hamilton,Arts And Crafts Of The Maori People
1520,"",Pear's Cyclopaedia
1521,Anthony Trollope,The Duke's Children
1522,"",Italian Language Course
1523,Soren Kierkegaard,Journal
1524,"",Blank Book And Pencils
1525,"",Manual Of Orchestration
1526,"",Volume Of Reproductions Of Works By Dutch Painters
1527,T S Eliot,Collected Works
1528,G E M Skues,The Way Of A Trout With A Fly
1529,"",Field Guide To Flora And Fauna On The Island
1530,"",The Best Of Beachcomber
1531,Harold Robbins,The Carpetbaggers
1532,"",The Cambridge Natural History
1533,"","Anthology Of 16th, 17th And 18th-century Poetry"
1534,Charles Dickens,Anthology
1535,Charles Dickens,His Favourite Novels
1536,Arthur Waley,Lady Muraski's The Tale Of Gengi
1537,"",Webster's Dictionary
1538,James Back,The Life Of Robert Burns
1539,"",Think And Grow Rich And I'll Teach You Personality
1540,Matthew Henry,Bible Commentary
1541,Charles Dickens,His Favourite Works
1542,P G Wodehouse,Golfing Stories
1543,Rabindranath Tagore,Gitanjali
1544,G.k. Chesterton,The Collected Works
1545,Sir Banister Fletcher,History Of Architecture On The Comparative Method
1546,Evelyn Waugh,Omnibus
1547,Thomas Merton,Elected Science
1548,Eric Partridge,A Dictionary Of Origins
1549,William Douglas-home,Collected Plays
1550,F A Hornibrook,The Culture Of The Abdomen: A Cure Of Obesity And Constipation
1551,John Bratby,Breakdown
1552,"",Navigational Manual
1553,E Boden,Black's Veterinary Dictionary
1554,Roy Macgregor-hastie,The Day Of The Lion
1555,"",Omnibus Edition Of Surtees
1556,J B Priestley,Margin Released
1557,Plutarch,Lives
1558,Andre Maurois,The Life Of Disraeli
1559,"",A Hundred-and-one Things A Girl Can Do
1560,"",Story Of The Marx Brothers
1561,Jim Clark,At The Wheel
1562,"",Biography Of Mahatma Gandhi
1563,Walter De La Mare,Come Hither - An Anthology Of Poetry
1564,"",Volume Of Illustrations Of The English Countryside
1565,Louis Mumford,Techniques And Civilization
1566,"",Gray's Anatomy
1567,"",Book About Sea Birds And Waders
1568,"",The Norton Star Atlas
1569,Limberg,The Ship
1570,Henry Williamson,Tarka The Otter
1571,"",Breviary
1572,"",Le Petit Larousse Illustre
1573,Dorothy L Sayers,Busman's Honeymoon
1574,"",Volumes Of The Illustrated London News
1575,Leo Tolstoy,War And Peace In German
1576,"",Anthology Of 20th Century Verse
1577,"",Selection Of Personal Letters
1578,Robert Burton,The Anatomy Of Melancholy
1579,Max Gluckman,Work On Anthropology
1580,"",Everyman's Encyclopaedia
1581,Harold Barlow,Dictionary Of Musical Themes
1582,"",Telephone Directory
1583,"",Instructions For Making A Still
1584,"",Gardening Encyclopaedia
1585,Charles Dickens,The Old Curiosity Shop
1586,H W Janson,History Of Art
1587,Horace Vachell,Quinneys
1588,Richard Wagner,The Ring Cycle (the Score)
1589,"","His Autobiography, Seventy Years A Showman"
1590,Ford Madox Ford,Ladies Whose Bright Eyes
1591,Charles Dickens,A Tale Of Two Cities In English And French
1592,Naomi Mitchison,The Corn King And The Spring Queen
1593,Frederick Marryat,Masterman Ready
1594,Sophocles,Collected Works In Greek
1595,Thomas Carlyle,The French Revolution
1596,"",English Grammar
1597,H Rider Haggard,Books
1598,Jules Verne,Books
1599,"",A History Of Wales
1600,"",Chambers' Encyclopaedia
1601,P G Wodehouse,Some Novels
1602,H L Mencken,Chrestomathy
1603,"",Field Guide To The Island's Birds
1604,"",Chinese Language Course
1605,"",The Rules Of Patience
1606,O Henry,Short Stories
1607,"",The Rudiments Of Several Useful Languages
1608,Ivan Goncharov,Oblomov
1609,"",Large Blank Book
1610,"",English Lyrics
1611,"",Science For The Citizen
1612,Victoria Sackville-west,Another World Than This
1613,Theodore Dreiser,An American Tragedy
1614,"",Large Anthology Of Poetry
1615,Walter De La Mare,Memoirs Of A Midget
1616,"",Pictures Of The English Countryside
1617,Thomas Erskine-may,Parliamentary Practice
1618,Robert Frost,Collected Poetry
1619,"",Everybody's Handbook For Survival On A Desert Island
1620,"",International Timetable Of Ships And Trains
1621,James Hilton,Goodbye Mr Chips
1622,Aldous Huxley,Brave New World
1623,Leonardo Da Vinci,The Drawings
1624,D.h. Lawrence,Lady Chatterley's Lover
1625,"",Horse And Hound
1626,Victor Gollancz,The Year Of Grace
1627,Leslie Charteris,The Saint
1628,George Macdonald,Phantastes
1629,"",Manual Of Astronomy
1630,Honore De Balzac,Droll Stories
1631,Thomas Macaulay,Critical And Historical Essays
1632,"",Piano Tutor
1633,Johann Wolfgang Goethe,Works
1634,"",Book On Musical Theory And Composition
1635,"",How To Play Your Best Golf All The Time
1636,Claude M Bristol,The Magic Of Believing
1637,Charles Dickens,Novels
1638,"",Volume Of Short Stories
1639,Tamara Karsavina,Theatre Street
1640,C.s. Forester,Omnibus Edition Of Hornblower Stories
1641,"",Jane's All The World's Aircraft
1642,"",Do-it-yourself Boat-building Book
1643,"",Nautical Almanac
1644,Edward Lear,Nonsense Rhymes
1645,"",Book On Tropical Birds
1646,Sir Arthur Eddington,The Nature Of The Physical World
1647,Homer,Original Greek Works
1648,"",Book On One Of The World's Philosophies
1649,Edith Sitwell,Anthology Of English Verse
1650,"",Two Historical Novels
1651,"",Collection Of Language Courses
1652,Edward Fitzgerald,The Rubaiyat Of Omar Khayyam
1653,"",History Of Cricket
1654,Giovannino Guareschi,The Little World Of Don Camillo
1655,Leslie Baily,The Gilbert Sullivan Book
1656,"",London Telephone Directory
1657,Plato,Work
1658,Burton Egbert Stevenson,Book Of Quotations
1659,Isaac Newton,Optics
1660,"","Anthology Of Poetry, Some In French And German"
1661,Alan Paton,"Cry, The Beloved Country"
1662,W. Somerset Maugham,Collected Short Stories
1663,"",Gardening Dictionary
1664,"",Back Numbers Of Motor Magazines
1665,H. L. Overstreet,The Mature Mind
1666,"",Ruff's Guide To The Turf
