1,Paper And Coloured Pens
2,An Artist's Workshop
3,Her Favourite Blue Jersey
4,An Endless Supply Of Pen And Paper.
5,My Clarinet
6,"Endless Supply Of Leaf Tea, Teapot, Mug And Semi Skimmed Milk."
7,""
8,Sex And The City Dvd Box Set
9,A Torch
10,Tweezers
11,A Bespoke Statue Of Archbishop Desmond Tutu
12,Cappuccino Maker
13,"Paper, Pen And Watercolours To Record The Plant Life On The Island"
14,A Solar-powered Digital Photo Album
15,Flute
16,Mosquito Repellent
17,Paints And Paper
18,Her Entire Outfit Including Her Andrew Logan Brooch
19,Hot Water Bottle
20,A Bronze Sculpture By Giles Penny
21,A Solar Powered Word Processor
22,A Cut Glass Crystal Chandelier With Candles.
23,Eau De Soir Perfume By Sisley
24,Omamori Gohonzon
25,The War Memorial Outside Euston Station
26,Extra Virgin Oil
27,A Photo Album Of All My Family
28,Life-size Laminated Photo Of James Caan From Dragons' Den
29,Cyanide Pill
30,Pen And Paper
31,Grand Piano And A Stool
32,Mother And Child By Henry Moore
33,Shotgun
34,Shiny White Paper And Felt Pens
35,A Saucepan - Heavy Bottomed With A Removable Handle
36,A Telescope
37,A Scrabble Board
38,The Elgin Marbles
39,A Set Of Different Fragrances From The People I Love'
40,A Luxurious Bathroom
41,A Piano
42,A Fluffy Purple Worm (which Has Been Taken Everywhere)
43,An Abundance Of Paper And Pencils
44,Yellow Lamborghini
45,Ink And A Pen
46,Wise Potato Chips
47,A Bath
48,A Lot Of Paper And Pencils
49,A Rose Bush
50,Notebook And Pens
51,A Private Screening Room With Movies
52,A Flush Toilet
53,A Jar Of Hellman's Mayonnaise
54,Strings And Strings Of False Pearls
55,Typewriter And Paper
56,Lots Of Champagne And Pistachio Nuts
57,The Crown Jewels
58,"A Nice Bed With Comfortable Mattress, Sheets Mosquito Net."
59,Suncream
60,An Open-air Cinema With A Selection Of Films
61,A Complete Artist's Set
62,Pens And Paper
63,Old-fashioned Diary With Pens
64,My Own Pillow
65,A Bumper Book Of Suduko With Blank Pages Pens
66,Cinema Organ
67,Large Supply Of Pencils And Pens
68,A Barrel Of Guerlain Jicky Perfume
69,A Huge Basket Of Fruit
70,My Life For The Next Thirty Years
71,Video Camera And Film
72,Specially-commissioned John Ward Painting Of Family Friends
73,A Church Organ
74,A Bar Of Soap
75,Vault Of A Very Good White Wine
76,Cristal Champagne
77,Her Grand Piano
78,Family Photographs
79,A Yoyo
80,An Endless Supply Of Tissues
81,Piano
82,A Snorkel And Polaroids
83,Eye Lash Curler
84,"Ink, Pen, Paper And Correction Fluid"
85,Continuous Supply Of Very Cold Dry White Wine
86,Pc Linked To The Internet
87,Bbc Computer
88,Large Supply Of Chocolate
89,"A Wine Cellar From All Soul's, Oxford"
90,Coffee
91,A Fairground Carousel
92,Karaoke Machine
93,A Huge Bed
94,An Ice Cream Maker
95,Modelling Clay And Tools
96,Photo Album Of My Family
97,A Machine To Distil Whatever Is There
98,Negligee
99,Olive Oil
100,Solar-powered Shower
101,Fragrant Body Cream
102,A Pen Which Would Never Run Out
103,An Enormous Amount Of Garlic With A Garlic Press
104,Nightdress Made Of Pure White Cotton
105,Language Tapes To Learn Italian And Swahali
106,Writing Materials
107,Her Own Bed
108,Yes Minister And Yes Prime Minister Videos
109,Ipod
110,Bath With Soap And Towels
111,A Cup Of Jasmine Tea
112,Pencils And Thick Paper To Write And Draw On
113,Chaise Longue With A Mosquito Net Attached
114,A Karaoke Machine
115,A Library
116,Snorkelling Equipment
117,"Liquid Temazepam ""...to Give Me The Possibility Of A Very Pleasant Exit"""
118,"Bag Of Eye Make-up, Especially Mascara"
119,Family Photograph Album
120,A Huge Vat Of Culpepers Rose Geranium Bath Salts
121,A Pair Of Mules By Christian Louboutin
122,A Solar-powered Vibrator
123,"Recordings Of Her Daughter And ""her Love"" Reading Self-written Stories And Poetry"
124,An Endless Supply Of Notebooks And Pens
125,A Big Hat With A Lot Of Muslin
126,Pencils And Paper
127,Claret
128,The Perfume Knowing By Estee Lauder
129,Perfume
130,Van Gogh's Irises
131,An Orange Tree
132,Tapestry Making Kit
133,Hot-water Bottle
134,Astronimical Telescope With 'catalogue Of Nebulae'
135,Bbc Radio 5 Live
136,A Notebook And Pencil
137,Red Lipstick
138,The Full Collection Of Ordnance Survey Maps Of The British Isles
139,A Snorkelling Suit With Prescription Goggles
140,"Egg Tempura Paints, Brushes, And Boards To Paint On"
141,Box Of Watercolour Paints
142,Swedish Wooden Horse
143,Unlimited Supply Of Sun Block (nicely Scented)
144,Clockwork Radio Tuned To Radio 4
145,Downy Pillow
146,Pencil And Paper
147,Oil Paints And Brushes
148,Banjo With Plastic Head With An Inexhaustible Supply Of Strings Pegs
149,Painting By Maurice Cockerill - Ariadne's Thread
150,Endless Supply Of Coffee
151,Five Juggling Balls
152,Painting By Titian: Bacchus Ariadne
153,A Trowel For Digging
154,Book On How To Sketch And Some Paper And Pens
155,Rollercoaster
156,Pen And Unlimited Paper
157,Solar Laptop
158,Roses
159,A Garden
160,Grand Piano (and Music Scores)
161,Cat Food
162,Wind-up Radio
163,Ballroom And Robotic Dance Instructor
164,Tea Service With Tea
165,Varieties Of Tea And A Tea-making Outfit
166,(hot) Shower
167,Radio To Listen To The World Service
168,To Be Missed By The People She Loves
169,A Globe
170,Cigarettes And Whisky
171,A Chaise Longue By A Window
172,Paper And Pens (with Thick Nibs)
173,An Atkinson Grimshaw Painting
174,Sun Block
175,Jaguar Xk8
176,A French Restaurant In Full Working Order
177,A Handful Of Cannabis Seeds
178,The Man With A Glove Painting By Titian
179,Basil Brush Films And Projector
180,A Very Comfortable Sofa
181,Goose Down Duvet
182,Rosary Beads
183,Word Processor
184,Family Photo Album
185,Photo Of An Irish Cottage
186,Sampler To Record The Noises Of The Island
187,Solar-powered Refrigerator Full Of Champagne
188,Big Bag Of Plaster To Make Heads Of Friends
189,A Bed
190,An Endless Supply Of Curry
191,Teddy Bear Stuffed With Tea And Lily Of The Valley
192,Teddy Bear Stuffed With Tea Bags
193,Tribute Heads By Elisabeth Frink
194,Toothbrush And Toothpaste
195,Cellar Of Wines And A Corkscrew
196,A Widow's Cruse Filled With Whisky
197,Four-poster Bed
198,Cannabis Seeds
199,Cello
200,Tea In Abundance
201,Enormous Cookery Book
202,"Painting Kit (easel, Oils, Brushes)"
203,Jar Of Vegemite
204,Shampoo
205,Peanuts And Treats To Tame Animals And Birds
206,The Barnes Collection (paintings)
207,Triple-folding Screen And Personal Photographs
208,"Dark Room, Film And Camera"
209,Make-up Kit
210,An Endless Team Of Man Fridays!
211,Her Piano
212,A Very Large Set Of Solar-powered Hair Rollers
213,Hot Lemon Flannels (as Provided In Chinese Restaurants)
214,Madame Rochas Scent
215,Television Set
216,Tapestry To Make
217,Pen From Aspreys With Attached Magnifying Glass
218,"Plain Paper, Plastic Folders And Ballpoint Pens"
219,A Supply Of Embroidery
220,Laptop Computer
221,Unlimited Supply Of A4 White Paper Cartridges For Fountain Pen
222,Toilet Bag Full Of Skin-barrier Creams
223,A Gilabra (cloak Of Gold)
224,Mouth Organ
225,A Case Of Krug Champagne
226,Watercolours For Painting
227,A Bed And White Egyptian Sheets
228,Samson Tobacco And Liquorice Rizla Papers
229,Case Of Evian Water Filled With Champagne
230,Large Victorian Bath With Claw Feet
231,Flower Press
232,"Waterproof Pens, Paper And Folders"
233,Magic Carpet
234,Large Chippendale Mirror
235,Inexhaustible Supply Of Laundered Swiss Lawn Handkerchiefs
236,Tightrope
237,Radio 4's Today Programme
238,Paper And Pencils
239,Personal Pouch With A Silver Lion In It
240,Mace Of The House Of Commons
241,Very Big Photograph Album On A Wheeling Table
242,Game Of Scrabble With Paper And Pencil
243,"Tennis Wall, Balls And Racket"
244,Chocolate
245,"A Still (to Distill Berries, Etc. Into Drink)"
246,"Tennis Court, Balls, Racket And Wall"
247,"Pad, Felt Pens And Biros"
248,Film - The Commitments
249,A Comfortable Chair
250,Masaccio Frescos In The Brancacci Chapel
251,Multi-lingual Dictionary
252,A Huge Tapestry Kit
253,Triangular Pillow
254,Supply Of Fine Havana Cigars
255,Swimming Pool Of Champagne
256,Mouth Organ With Instructions
257,Expensive Perfumed Hand Cream
258,Daughter's Painting
259,Large Filing Cabinet Full Of A4 Paper Pens
260,Large Swiss Army Knife
261,Do-it-yourself Solar-powered Kit
262,Bath With Solar-heated Water And Bubble Bath
263,An Everlasting Bottle Of Sleeping Pills
264,Box Of Seeds
265,Crochet Needles And Wool
266,Crown Jewels (so Someone Will Look For Her)
267,Photo Of Mother
268,Typewriter
269,Writing Materials And A Union Flag
270,Hair Pieces
271,Large Box Of Marrons Glaces
272,Set Of Wood-carving Tools
273,Computer
274,Photograph Album
275,"A Bed, Netted From Snakes And Flies"
276,Jeroboam Of Champagne
277,Supply Of Cocoa Butter And Hat
278,Tape Recorder
279,Denis Healey Or Large Double Bed With Pillows
280,Lamp With Solar Batteries
281,"Papers, Pencils, Paints"
282,Soft Pillow
283,Binoculars
284,"Watercolour Paints, Brushes And Paper"
285,Curling Tongs
286,Large Bottle Of Sun Tan Oil And Moisturiser
287,Amazonian Rain Maker
288,Aircraft Carrier (to Decorate)
289,Cleansing Milk
290,Insect Repellent
291,Case Of Champagne
292,Bag Of Wild Flower Seed
293,Solar-powered Word Processer
294,Guitar
295,Cold Cream
296,Hot Spices
297,Manicure Set And Nail Varnish
298,Mona Lisa
299,Six Feet Of English Hedgerow
300,Bed
301,Baked Beans
302,Madge Allsop
303,Large Bottle Of Toilet Water
304,Skin Food
305,Comfortable Bed With Pillows And Sheets
306,Little Rosebush
307,"Needles, Cotton And Material"
308,Hot Bath With Extra Tap For Cold Champagne
309,Photograph Of Children
310,Her First Dress Worn On Stage
311,Manicure Set
312,Loofah
313,Make-up Table
314,Iron And Ironing Board
315,Telephone
316,Bicycle
317,Four Poster Bed
318,Stuffed Dog
319,Stereoscope With Slides Of Her Family
320,Pillow
321,Photograph Of Family
322,Never-ending Supply Of Smoked Salmon
323,Stradivarius Violin
324,Bathroom With Lots Of Full Cupboards
325,Hairbrush
326,A Parking Meter Caravan
327,Artist's Equipment
328,"Photograph Album Of Family, Friends And Pets"
329,Buddha Statue
330,Whiskey
331,Wine - Chateau Margaux 1961
332,Windsurfer
333,Mosquito Coils And An Apple Pip
334,Cat
335,"King-size, Brass Bed With A Feather Mattress"
336,Writer's Kit
337,Blank Paper
338,"Garlic, Chocolate And Wine"
339,Union Jack
340,Flowers Delivered Daily By Bottle
341,Painting Materials
342,"Sketchbook, Pens And Pencils"
343,Silk Garment
344,Lipsticks
345,Piano With Bath Salts
346,"Statue Of Madonna And Child, 17th Century"
347,Eau De Cologne
348,Silk Underwear
349,"Razor And Shaving Soap, A Video Player With A Tape Of Laurel Hardy, Wine And A Violin"
350,Coffee And Espresso Machine
351,Doll's House
352,Television Set With Satellite Link-up
353,Teddy Bear
354,Oriental Rug
355,Castanets
356,Dresden
357,"Water Colours, Brushes And Paper"
358,Scrabble
359,Chocolates
360,Camera And Film
361,Perrier Water
362,Eyelash Curlers
363,Sunglasses
364,French Shampoo
365,Tennis Practice Equipment
366,Wine
367,Champagne
368,Silver Shadow Rolls Royce
369,Mother's Ormolu Clock
370,"Strong, Wooden Armchair"
371,Cooking Knives
372,Mixed Flower Seeds
373,Michelangelo's David
374,Large Basket Of Sugared Almonds
375,"Canvases, Brushes And Paint"
376,Wine From Own Vineyard
377,Flower Seeds
378,Sistine Chapel In The Vatican
379,Sun Tan Lotion
380,The Taj Mahal
381,Box Of Spices
382,Mink-lined Hammock
383,German White Wine
384,Selection Of Herbs
385,"Camille Pissarro, On The Banks Of The Marne"
386,"The Nike Of Samothrace, In The Louvre"
387,Indian Tea
388,Photo Album Of Her Children
389,"Bath With Hot Water, Soap And Towels"
390,"Typewriter, Spare Ribbons And Paper"
391,Whisky And Ginger Ale
392,Wool And A Crochet Hook
393,Supply Of Gentlemen's Relish
394,Oil Painting Equipment
395,Fresh-water Shower
396,Exercise Books And Ballpoint Pens
397,Oils And A Comb
398,Little Marble Buddha
399,A Picture Of All Her Loved Ones
400,"Scissors, Needles And Thread"
401,Armchair
402,Lapsang Souchong Tea
403,Ballet Picture By Degas
404,Picture Called Summer Arangments By Nikolsky
405,Champagne Dress
406,Tapestry-making Kit
407,Bath Salts
408,Tea
409,A Soap That Kills Mosquitoes
410,Notebooks And Pens
411,Beauty Products
412,Rolls Royce
413,Rose Cutting And Some English Soil
414,Portrait Of Her Husband
415,Radio Receiver
416,Drawing And Writing Materials
417,Group Photograph Of Friends
418,Pair Of Field Glasses
419,Cards
420,Small Photographic Darkroom
421,Tranquillizers
422,Electric Blanket
423,Dogs
424,Score Of Mozart's The Magic Flute
425,Gold Bracelet Called The Lion Of Judah
426,"Comb, Manicure Set, Etc"
427,Soap
428,Box Of Oddments From Her Dressing Table
429,Brandy
430,Accordian
431,Duvet
432,Pair Of Binoculars
433,Oil-painting Equipment
434,Family Photograph
435,Sun-barrier Cream And A Straw Hat
436,Spy-glass
437,"Typewriter, Paper And A Hostess Gown"
438,Cookham Resurrection By Sir Stanley Spencer
439,Constable Landscape
440,Seeds
441,Dart Board And Darts Of Different Weights
442,Hot Water And Bath Oil
443,Canvas And Tapestry Tools
444,English Pub
445,Queen Mary's Dolls' House
446,"Forty Yards Of Flowered Chintz, A Needle Cotton"
447,Make-up Box
448,Prawn Cocktails
449,Toothbrushes
450,Vegetable Garden
451,Tahitian Language Course
452,Knitting Needles And Wool
453,An Excerpt From The Bbc Recording Just William
454,Parasol
455,"Velasquez, The Maids Of Honour, In The Prado"
456,Painting By Her Husband Of Their Son
457,Bath With A Hot-water System
458,Umbrella
459,Stamp Album
460,Bathroom Suite
461,String Of Pearls
462,Writing And Painting Materials
463,Clue To Buried Treasure
464,Barrel Of Lipstick
465,Lipstick
466,Ukelele
467,Cosmetics
468,Painting Equipment
469,Writing And Sketching Materials
470,"Billiard Table, Cue And Balls"
471,Parrot
472,"Bag Of Pillows, In Which She Will Smuggle In Her Dog"
473,"Make-up Set, Mirror And Comb"
474,Alabaster Cherub
475,Knitting Wool And Needles
476,Two Chinese Figures Of Musicians
477,Ivory Ball
478,Sycamore Trees
479,Full-length Mirror
480,Michelangelo's Pieta
481,"Painting, Or A 16th-century Patch Box"
482,Complete Works Of Shakespeare
483,The Beatles New Colour Television Show
484,Mink Coat
485,Golf Clubs And Balls
486,Mattress
487,French Silk-lined Leather Gloves
488,Parsley
489,Tobacco Seeds
490,Spices And Herbs
491,Field Glasses
492,Bath With Hot Water
493,Onion Plants
494,Foam Rubber Mattress And Mosquito Net
495,Etruscan Frieze Of Horses
496,Indian Painting Showing The Crucifixion
497,Library
498,Face And Hand Creams
499,Piece Of Sculpture
500,The Albert Memorial
501,False Eyelashes
502,Silver Box
503,Skin-diver's Mask
504,Mementoes Box
505,Telescope
506,Her Portrait By Augustus John
507,Coffee And Condensed Milk
508,Photographs
509,Toothbrush
510,Suntan Lotion
511,Make-up
512,Swedish Crossword Puzzles
513,Looking Glass
514,Mobile From The Museum Of Modern Art
515,Van Eyck's Adoration Of The Immaculate Lamb
516,Her Commonplace Book
517,Flower Seeds And An Armchair
518,Reproduction Of Renoir's The Picnic
519,Photograph And Recording Of Family
520,Sable Coat
521,Family Photographs And A Tape Recorder
522,Sun-tan Oil
523,Painting By Rembrandt In The National Gallery
524,"Rolls-royce, Water Skis And A Piano"
525,Pairs Of Spectacles
526,Unbreakable Spectacles
527,Insecticide
528,Painting By Renoir
529,Paintbox
530,Carved Stone Head Of A Chinese Philosopher
531,Blue-green Silk Robe With Packets Of Flower Seeds In The Pockets
532,Tapestry-making Materials
533,Mink Stole
534,Painting By Gauguin
535,Sun-bathing Oil
536,Framed Ronald Searle Drawings
537,Playing Cards
538,Language-teaching Records For All Languages
539,Soil And Rose Bushes
540,"Paper, Pencils And Paints"
541,Astronomical Telescope
542,"Jewelled Gold Statuette Of St George And The Dragon From The Schatzkammer, Munich"
543,Wooden Statue Of St Florian
544,Painting Of London To Be Commissioned From Graham Sutherland
545,Kaleidoscope
546,Frogwoman's Outfit
547,Complete Glamour Outfit
548,Photograph Of Battersea Power Station
549,Case Of Avocado Pears
550,Artists' Materials
551,Writing Paper And Pencils
552,Clock
553,Handbag With Contents
554,Encyclopaedia
555,Sunburn Lotion
556,Beach Ball
557,Gardenia Bush
558,Box Of Make-up
559,Girl Guide Camp Bed
560,Photo Of Wife
561,Circus Horses By Toulouse-lautrec
562,Box Of Paints
563,Mascot
564,St Christopher Medal
565,Bejewelled Golden Comb
566,Mink Sleeping Bag
567,Embroidery Workbox
568,Expensive Jewellery
569,Comb
570,Cross
571,Cigarettes
572,Lucky Charm
573,Still For Making Poteen
574,Picture By Cezanne Or A Bed
575,Blue Vase
576,El Medico Oil Painting By Goya
577,Garlic
578,A Robotic Sex Doll
579,A Huge Stack Of White Paper And Pencils
580,An Easy Chair
581,A Football
582,A Bontempi Keyboard
583,Calligraphy Materials
584,Watercolour Paints And Paper
585,"Bottles, Pens And Paper"
586,Radio-cassette Player And Language Tapes
587,Vodka
588,A Coffee Machine
589,Two Enormous Casks Of Chateau Margaux
590,"Cricket Bat, Ball And Stumps"
591,A Laminated Photo Of His Family
592,Young Lady In Profile 1495 - De Predis
593,Greek Sculpture Of A Female Head
594,His Saxophone
595,A Victorian Bath And Hot Water
596,Mclaren Slr Car With Petrol
597,A Dozen Bottles Of Vidal Sassoon Hair Shampoo
598,Piece Of Sculpture By Baracal
599,An Inexhaustible Supply Of Tea And A Kettle
600,Electric Guitar
601,My Blue Suede Shoes
602,Luxury Mattress And Pillow
603,Set Of Golf Clubs And Balls
604,His Own Drum Kit
605,A Grand Piano
606,A Basic Word Processor
607,Piano With Music
608,A Mirror
609,Golf Clubs
610,Marmite
611,Never Ending Supply Of Pressed Shirts And Trousers
612,A Set Of Watercolours And An Endless Supply Of Paper
613,A Sand Wedge Endless Golf Balls For Playing Golf
614,Two Established Vines And A Tin Bath To Make Wine
615,My Own 'amazing Pair Of Binoculars'
616,A Miniature Still With A Little Ice-making Machine Attached To It To Make Dry Martinis.
617,A Nightly Fragrant Bath
618,An Indoor Golf Driving Range
619,A Tandem Bike With Wooden Models Of His Family At The Front
620,Two Feathered Pillows
621,Stash Of Cigarettes
622,A Drum Kit
623,Kiln
624,Bucket And Spade
625,Fishing Rod
626,Solar-powered Espresso Machine
627,Surfboard
628,Football
629,Ukulele
630,Espresso Machine
631,A Ferris Wheel
632,A Pillow
633,Sand Wedge And Golf Ball
634,Acoustic Guitar
635,Lip Balm
636,Merlot Grapevine
637,My 49-year-old Double Bed.
638,A Solar Dvd Player Loaded With The Seven Series Of The West Wing
639,A Large Bed With Fifty Per Cent Goose Down And Fifty Per Cent Feather Pillows.
640,A Piano And Guide To Playing It
641,A Comfy Bed With Lots Of Pillows
642,A Power Shower With White Fluffy Towels And Constant Hot Water.
643,San Pellegrino Water On Tap
644,A Cheeseburger Machine
645,A Picture Of The Clifton Suspension Bridge
646,Large Supply Of Moleskin Sketch Books
647,Fully-restored Morris Minor Traveller With Wooden Detail
648,A Large 18th-century Picture
649,Full Set Of Scuba Gear
650,Dvds Of Sitcoms And Dvd Player
651,Brass Microscope
652,A Synthesiser To Make Up My Own Music.
653,Very Big Box Of Chocolates Including Nougat
654,My Cricket Bat
655,My Paints
656,No.7 Meccano Outfit
657,"A Wicket, Cricket Bat, Net, An Endless Supply Of Balls And A Bowling Machine That Can Be Set To Replicate The Style Of Any Bowler"
658,A Proper Orthopaedic Cushion
659,A Gun
660,His Clarinet And An Unlimited Supply Of Reeds
661,Good Wine
662,A Communications Receiver (receiving Only)
663,An Aston Martin Car
664,"Lots Of Paper, Pencil And Pencil Sharpener"
665,A Bottle Of Chilled Sancerre For Every Night
666,Two Hundred Cases Of Vintage Wine
667,My Own Trumpet
668,A Mouth Organ With Instruction Book
669,A Magic Wine Cellar Which Never Runs Out
670,A Wall To Kick A Football Against
671,A Solar Computer Loaded With Pictures Of My Family And Friends
672,Well Stocked Bar Fridge
673,A Good Piano
674,Grand Piano
675,Sketch Book With Lots Of Pencils
676,White Truffles
677,A 'magic' Pudding And A Drink
678,A Pack Of Cards
679,A Happy Photograph Of The Whole Family Including The Latest Grandchildren
680,Ice-cold Vanilla Vodka And Tonics
681,Tenor Saxophone
682,A Mini Dvd Player
683,Cloudy Bay Sauvignon Blanc From The Marlborough District Of New Zealand
684,"A Collection Of Drawing Books, Pencils And Varnish"
685,Havana Cigars
686,"A Microscope, Equipment And A Stack Of Notebooks"
687,Good Toiletries For My Bath
688,A Ceramic Bowl From The Village Of Istalif In Afghanistan
689,Italian Coffee Machine And Grinder
690,A Cello
691,A Settee To Sit On
692,World's Biggest Church Organ
693,"A Huge, Huge Photo Album Of Friends"
694,Vaporiser
695,Snorkelling Gear
696,Portable Radio With An Endless Supply Of Batteries
697,A Hammock
698,Digital Radio
699,Db9 Car
700,A Very Long Stainless Steel Shaft To Encourage Pole-dancing Mermaids!
701,Endless Supply Of Mojitos
702,"Can Of Beluga Caviar, Spoon And Tin Opener"
703,Collection Of Times Crosswords
704,A Comfortable Bed
705,Daily Araucaria Crossword
706,Vat Of Novocaine - A Non-addictive Pain-killer
707,A Set Of Uillean Pipes
708,A Combined Heat And Power Micro-unit
709,Collage Of Photos Of Family And Friends
710,A Guitar With A Guide To Playing It
711,A Bar With Two Discs For Weight Training
712,A Video Of A Day In The Life Of His Family
713,Lots Of Toilet Roll
714,His Own Long-handled Spoon To Make Dressings
715,Loads Of Really Good Pens And Paper
716,Writing Pad And Pencils
717,Dvd Projector And Dvds
718,A Banjo
719,Time Machine
720,"Fountain Pen, Ink And Paper"
721,Supplies Of Pen And Paper
722,Selection Of Pictures
723,An Espresso Coffee Machine With Coffee
724,Favourite London Restaurant
725,Water Hammock
726,Cellar Of Champagne
727,A Keyboard
728,Trumpet
729,Japanese Knives
730,A Violin
731,Arches Watercolour Paper
732,My Children's Pillows
733,A Didgeridoo Belonging To His Late Son Eddie.
734,Pinball Machine (traditional American One)
735,Hendrickje Bathing By Rembrandt
736,A Lifetime's Supply Of Great Cigars
737,Helicopter
738,A Cannondale Bike
739,Virtual Sherry Trifle
740,A Crate Of Scottish Whisky
741,Video Or Pictorial Book Of '100 Examples Of Excellence'
742,A Piano With A Mattress
743,One Of His Wheat-free Loaves
744,Mobile Phone
745,"Mont Blanc Pen, Nibs And Spiral Squared Notebooks"
746,Rizla Liquorice Papers
747,Lifetime's Supply Of Pinot Grigio
748,Velasquez's Las Meninas
749,Viola
750,A Case Of Selected Malt Whiskies
751,His Guitar
752,Sunday Papers
753,Paper And Felt-tipped Pens
754,Potato Crisps
755,A Solar Hot Water System
756,A Pair Of Swimming Goggles With Prescription Lenses
757,Large Pot Of French Mustard
758,Own Pillow
759,Big Supply Of Caviar
760,A Solar-powered Buggy
761,All-purpose Prosthetic Arm
762,Champagne (the Best Possible)
763,Car Fitted With A Telescope
764,A Trip Around My Island On Concorde
765,A Handmade Pair Of Shoes
766,Howard Hodgkin's Painting Learning About Russian Music
767,A Spade
768,Bunch Of Canvases With Oils And Brushes
769,A Bed With A Mosquito Net
770,His Beloved Billiard Table And A Shed To Keep It In
771,"His Mysterious Object (an Object Found By His Father That, As Yet, No-one Can Identify)"
772,Vermeer Painting - The Piano Lesson.
773,Chess Set With A Problem Book
774,A Full-size Billiard Table With Radio 4 Built Into Each Of The Legs
775,Billiard Table With Snooker Balls And Cue
776,A Box Of Plastic Straws To Fiddle With
777,Fly-fishing Rod
778,"Hot And Cold Running Water, Bath Tub And Bath Oil"
779,Copper Plate Engravings Of Durer's Passion
780,Music Manuscript Paper And Pens
781,Canvas Roll Containing Dissecting Set
782,Razor
783,A Gollock
784,Case Of Havana Rum
785,A Saxophone
786,A Rug Made By The Baluch People From Afghanistan
787,Sun Lounger With Canopy To Protect Him From The Sun
788,Set Of Golf Clubs And An Endless Supply Of Balls
789,My Computer
790,Spotted Dick With Lyon's Syrup
791,Shaving Kit
792,A Guitar
793,Set Of Golf Clubs
794,Snorkel
795,Snorkel Mask
796,A Drink-making Machine
797,A Hot Shower And Some Soap
798,Cricket Bag
799,Sketchpad And Felt Pens To Design
800,A Six Inch Nail
801,Mirror
802,My Boat - But Not To Escape
803,Waterslide
804,"Triptych, May - June 1973 By Francis Bacon"
805,A Magic Flute
806,Boxed Set Of Blues Harps (harmonicas) And Instruction Book
807,Videos Of Cricket Matches
808,Express Coffee Machine With Coffee Beans
809,Large Bath With A Constant Supply Of Hot Water
810,A Subscription To The Guardian Newspaper For One Year
811,A Painting By His Wife
812,Own Set Of Golf Clubs And Balls
813,Skin So Soft - Avon
814,Riba Drawings Collection
815,Personal Photo Album
816,A Jukebox
817,Jet Ski
818,V A Museum
819,Cd Player
820,An Accordion
821,Zippo Lighter
822,An Mp3 Player (ipod)
823,Millenium Centre In Cardiff
824,A Kitchen
825,Modern Mini Brewery
826,A Steamer Chair
827,A Hammock From Hermes
828,"A Piano Or, Failing That, For Comfort A Tin Of Condensed Milk Tin Opener"
829,Solar-powered Radio
830,Radio
831,An Acoustic Martin D.35 Guitar
832,"Pencils, Paper And Watercolours"
833,Potato Seeds
834,Case Of Opus One Wine
835,An Anchored Yacht
836,A Photo Of His Wife And All Of His Children
837,Kingsize Cigarette
838,A Flat Water Kayak Suitable For Rough Water
839,A Bass Guitar
840,A Cappuccino Maker
841,Oil Paints
842,The Blue Nude By Justin Deranyagala
843,A Chess Computer
844,A Solar Powered Computer With A Secret Compartment Containing A White Powder
845,"A Jar Of Apricots, By Chardin"
846,His Own Guitar: The Red Special
847,A Box Of Watercolours
848,A Sloping Lawn
849,A Nucleus Of Bees
850,A Set Of Mixed Greek And Roman Coinage
851,"A Steinway Model D Piano, Specially Conditioned To Deal With All Weathers"
852,Two And Half Miles Of The Hampshire Chalk Stream
853,A Fresh Vanilla Pod
854,Isle Of Lewis Chess Set From The British Museum
855,Big Roll Of Paper
856,Celestial And Terrestrial Globes
857,Chromatic Harmonica
858,Leatherman - Like A Swiss Army Knife But More Substantial
859,Solar-powered Magimix
860,Dojo
861,Entire Cellar Of A Great Collector Of French Wine
862,Banjo
863,Electrical Device To Heat Shaving Foam
864,Bethsheba By Rembrandt
865,Cassette Recorder And Cassettes
866,Molecular Engineering Laboratory - To Construct A 'dog'
867,A Huge Jar Of Liquorice
868,Video Player With Cassettes Of Old Movies
869,Mister Trumper's Aftershave
870,A Barrel Of Adnam's Ale Brewed In Suffolk
871,Pack Of Cards
872,Airbrush Computer Graphics Set
873,A Pair Of Binoculars
874,A Small Painting Called The Head Of A Girl By Michael Sweerts
875,"Unlimited Supply Of Paper, Paints, Pencils"
876,1939 Edition Tenor Saxophone
877,Renaissance Casket With A Selection Of 15th 16th Century Italian Drawings In It
878,The Microscope Used To Examine The Lineage Of The Roundworm
879,A Lucky Sixpence
880,Lots Of Paper With Pens
881,Lots And Lots Of Chocolate
882,Big Photo Album Of Friends And Family
883,A Huge Supply Of Indian Tea With A Worcester Tea Pot
884,Solar-powered Piano
885,Drumsticks
886,A Down Pillow
887,Newspaper
888,Velasquez Painting Of Old Lady Frying Eggs
889,Bath
890,Marble Bath With Constant Hot Water
891,A Wind-up Radio
892,Whisky
893,An Orrary - An Electronic Toy For Looking At The Sky
894,A Huge Supply Of Chardonnay
895,Little Bottle Of Aftershave
896,A Drumkit
897,My Bathroom
898,Syndicate Whisky
899,An Accountancy Course
900,Pot Of Stew With Two Dumplings
901,Motor Car And Petrol
902,19-note Piano
903,Solar-powered Laptop
904,Watercolour Paint Box (plus Brush And Pad)
905,Cyanide Tablet (if He Can't Have A Tower And Telescope Or A Full-size Snooker Table)
906,Vibraphone
907,Skis
908,Case Of Really Good Vintage Wine
909,Karaoke Piano
910,Space Invaders
911,Comfortable Armchair/desk
912,"2,000 Soft Loo Rolls"
913,Self-operated Nuclear Strike Force
914,His Piano
915,A Windsurfer
916,Glue
917,Silk Pyjamas
918,Laptop Computer With Poker Game Software
919,St John's Wort
920,Waterbed
921,Nose Hair Trimmer
922,Snorkel And Mask
923,Italian Leather Hand-stitched Hiking Boots
924,Herb Garden
925,Inflatable Rubber Woman
926,Cherry Tree
927,A Toilet
928,His Memory
929,Organ (from The Royal Albert Hall)
930,Junk Yard
931,Pen And Limited Supplies Of Ink And Paper
932,Chisel For Sculpting
933,Two Tape Recorders
934,Thai Fish Sauce
935,Self-contained Eternal Electric Fan
936,Winning Post From Cheltenham Race Course
937,Tin Whistle
938,A Virtual Reality London Symphony Orchestra So He Can Conduct It
939,Power Book G3 (laptop Computer)
940,Magnifying Glass
941,Digital Tv
942,Books Delivered To The Island On A Regular Basis
943,Film: Oh Mister Porter
944,Radio (for Football Results)
945,Virtual Reality Module
946,Painting Of His Family By Aurelio
947,An Endless Supply Of Ice-cream
948,A Huge Supply Of Ouzo
949,If A Hot Island - A Huge Bottle Of Suntan Lotion And If A Cold Island - A Pillow
950,Pizza Express In Notting Hill
951,"Basket Ball And Hoop, And A Little Hard Standing"
952,Wind-up Video Player
953,"The Black Prince Steam Locomotive, Canvases And Oil Paint"
954,Clarinet
955,French-speaking Man Robot
956,"Cricket Bat Signed By 'the Three Ws' - Sir Frank Warrel, Everton Weeks And Clive Walcot"
957,Cello And Music For Bach's Cello Suites
958,Cigars
959,Marble Four-poster Bed
960,Saxophone
961,Chisels
962,Clay For Making Sculpture
963,Bundle Of Prunings From A Good Vineyard So He Can Plant His Own Vines
964,Lute And Strings
965,King's College Chapel
966,Mirror (for Company)
967,Gravity Chair
968,Mrs Thatcher Pickled In A Damien Hurst Sculpture
969,Sketch Pad And Paints
970,Jar Of Marmite
971,Croquet Lawn
972,A Box Of Lenses
973,Solar-powered Apple Mac
974,A Collection Of Landscape Pictures
975,Collapsible Concrete Model Of Broadcasting House
976,6mm 36 Inch Circular Knitting Needle With A Point At Each End
977,Bottle Of Calvados
978,Lavatory And Lavatory Paper
979,Samuel Palmer's Painting Moonlit Landscape
980,Front Seat Of A Porsche
981,A Sand Wedge Golf Club And A Crate Of Golf Balls
982,Law Of The Land (so He Could Break It)
983,Beer And A Cigarette Machine
984,Harmonica
985,Cocoa
986,A Jefferson Reclining Chair
987,Case Of Black Label And Dom Perignon
988,A Gym
989,Cement And Tools To Build A Folly
990,"A Pair Of Green, Insulated Leica Binoculars 8 X 20"
991,Cantona's Manchester United Football Shirt
992,The Chrysler Building
993,Earl Grey Tea
994,Michael Palin - Stuffed
995,Life-sized Model Of Margaret Thatcher And A Baseball Bat
996,Cable Television
997,Mixing Desk - Solar Powered
998,Glass And Tools To Make A Telescope
999,Sand Iron (golf Club)
1000,The British Museum
1001,Northumbrian Pipes
1002,"Solar-powered Internet (to Receive, Not Send)"
1003,An Endless Supply Of A4 Paper And 4b Pencils
1004,"The Cellar From Trinity College, Cambridge"
1005,Potter's Wheel
1006,Marijuana Seeds
1007,A Pair Of Scissors
1008,Tv Satellite To Watch Test Matches
1009,Daily Newspapers
1010,Paints And Canvas
1011,Tennis Ball Machine And Racket
1012,Writing Equipment
1013,Haemorrhoid Ointment
1014,An Electric Keyboard
1015,Clavichord
1016,Snooker Table
1017,Fountain Pen And Paper
1018,Video Recorder
1019,Virtual-reality Headset
1020,"Silken Tent (for Luxury, Not Survival)"
1021,Vintage Krug Champagne (endless Supply)
1022,Hammock
1023,Scarf Given To Him By The Dalai Lama
1024,Colin Cowdrey's Bowling Machine
1025,Large Harmonica
1026,Computer And An Empty Bottle
1027,Havana Cigars And Matches
1028,Romney's Portrait Of Lady Hamilton
1029,Supply Of Handkerchiefs
1030,Faberge Egg
1031,Swiss Army Knife
1032,A Set Of Golf Clubs
1033,Case Of 'talisker' Whisky
1034,Fibreglass Sculling Boat
1035,Computer (solar-powered)
1036,A Complete Carpenter's Toolbox
1037,Mayonnaise - Permanent Supply
1038,Vanity Case Including Metal Mirror And Shaving Kit
1039,Ice-cream Maker (especially For Rum And Raisin Flavour)
1040,Radio 4's The Archers - All The Recordings From The Beginning
1041,"Snorkel, Mask And Harpoon"
1042,Upright Piano
1043,A Parking Space
1044,Small Theatre
1045,Pieta Sculpture By Michelangelo
1046,Tennis Racket And Ball Machine
1047,Snorkeling Equipment
1048,A Sonic Probe
1049,Set Of China (four Place Settings)
1050,"Box Of Paints, Brushes, Paper"
1051,Hovercraft Wheelchair With Capuccino Machine
1052,Black Cab
1053,Antisan For Insect Bites
1054,Tube Of Antisan Cream
1055,Model Of Hms Hood
1056,Tenor Sax
1057,Martin D28 Left-handed Guitar
1058,English Meadow With An Oak Tree
1059,Chainsaw
1060,Frosties
1061,Scuba Diving Kit
1062,Smoked Salmon And Wine
1063,Boxing Punchbag
1064,Marble Bust Of Laurence Sterne
1065,Big Box Full Of Family Albums
1066,Large Supply Of Total Block Suncream
1067,The Menu From His Favourite Parisien Restaurant
1068,Collection Of Large-scale Ordnance Survey Maps Of England
1069,Picture Of The Family
1070,"Photograph Album - Family, Friends, Colleagues"
1071,Wok
1072,Cargo Of Champagne
1073,The World Service
1074,A Duvet
1075,A Bag Of Golf Clubs And Golf Balls
1076,Creme Brulee
1077,Notebook And Pencil
1078,Drinking Fountain With Two Taps - Sancerre And Claret
1079,Sancerre
1080,"His Dog, Bear"
1081,Year's Recording Of The Today Programme
1082,Own Bathroom Run By Solar Power With Hot And Cold Water And A Video Player Attached
1083,A Good Luck Stone (from His Wife)
1084,The Metropolitan Museum Of New York
1085,Telephone (disconnected)
1086,Hallucinogenic Drugs
1087,Satelite Dish And Television Set
1088,Chess Computer
1089,Computer Chess Set
1090,Wig
1091,Sports Results
1092,Flotation Tank
1093,Parquet Floor And Tap Shoes
1094,Bath Tub With An Endless Supply Of Hot Water
1095,Large Armchair Stacked With Cushions
1096,One Mile Stretch Of The River Test In Hampshire
1097,Stuffed Body Of The Minister Of Education
1098,Solar-powered Receiver To Receive Radio 4
1099,Unicycle
1100,Oval Cricket Ground Replica And Bowling Machine
1101,A Clock Given To Him For Turning On The Oxford Lights
1102,Steamroller
1103,Cigars And Matches
1104,Italian Pasta
1105,Magimix (battery-powered )
1106,Shotgun And Clay Pigeon Trap
1107,Nelson's Column
1108,Mountain Bike
1109,Nail Clippers
1110,Cd Player / Solar Battery-powered Radio
1111,Carton Of Cigarettes
1112,Picture Of His Daughter
1113,Fax Machine
1114,Large Supply Of Pencils
1115,Supply Of Cigars And Matches
1116,Endless Supply Of Writing Materials
1117,Hgih-powered Hunting Rifle And Ammunition
1118,Satellite Dish And Tv Set
1119,Supply Of Flower Bulbs
1120,Dice To Test The Luck Of A Ship Rescuing Him
1121,Radio Telescope
1122,Very Large Self Renewing Bottle Of Scotch
1123,An Enormous Box Of Chocolate Ginger
1124,Pair Of Handmade Blue Suede Shoes
1125,Pencil
1126,Hurdy Gurdy
1127,Bath Essence
1128,Coffee Machine
1129,Yellow Rolls Royce
1130,Video Player And Tape Of Citizen Kane
1131,Large Comfortable Armchair
1132,Bowling Machine
1133,Video Recorder And Tapes Of Queen Mother's Parade
1134,"Cyanide, In A Joint, In Champagne Truffle, In A Fridge"
1135,Diary And Pen
1136,Painting Of Grand Canal In Venice
1137,Large Bag Of Sugar
1138,A Box Of Scented Soap
1139,Radio/cassette Machine
1140,Endless Supply Of Rum Punch
1141,Solar-powered Telescope
1142,Rain Gauge
1143,"His Wife, Ruth, But If This Is Disallowed Then A Painting"
1144,"Computer, Paper And Pen"
1145,A 78rpm Record Of The Laughing Policeman (to Smash On The Rocks)
1146,Yamaha Computerised Concert Grand Piano
1147,Armchair With Coffee Machine Rescue Signal
1148,Magnums Of Champagne
1149,Bike
1150,Distillery
1151,Conversation Piece By John Singer Sargent - A Painting Of The Sitwells
1152,Doc Marten Boots
1153,Jigsaw Puzzles
1154,Scuba-diving Equipment
1155,Steinway Piano
1156,Film Projector
1157,Seed Potatoes
1158,Fountain Pen
1159,Sculpture From The Louvre And A Box Of Different Seeds
1160,Graphic Novels (comics)
1161,Case Of Bordeaux Wine
1162,Metal Detector
1163,Painting Or Sculpture Photograph Of Daughter
1164,River Painting By Turner
1165,Cricket Bat Bowling Machine
1166,Smoking Device To Smoke Fish
1167,Nativity Painting From The National Gallery
1168,Kettle And Teabags
1169,Rocking Chair
1170,Suicide Pill
1171,A Bronze Statue Of The Racehorse Aldaniti
1172,Concert Grand Steinway Piano
1173,Alarm Clock Encased In Welsh Tinplate
1174,Unlisted Radio Telephone
1175,"Paper, Pen And Ink"
1176,High-powered Radio
1177,"Music Manuscript Paper, Pencil, Rubber"
1178,A Set Of Cricket Equipment
1179,A Hot Bath
1180,Frogman's Outfit And Snorkel
1181,Steamer For Cooking
1182,Toilet Bag
1183,Car (to Clean)
1184,Radio 4
1185,Car (in Which To Listen To Music)
1186,The Mona Lisa
1187,Bathtub And Soap
1188,Guitar And Strings
1189,Train Set
1190,"Edward Hopper's Painting, Gas"
1191,Mosquito Net
1192,Crate Of Montecristo Cigars
1193,"Pens, Charcoal, Paints"
1194,Enormous Amount Of A4 Paper
1195,Tape Recorder With A Cassette Of Recordings From Home
1196,Tajine
1197,Burgundy Wine
1198,Carpentry Tools
1199,Telescope And A Star-gazing Book
1200,Olympic Gold Medal And Award
1201,Painting Of The Crucifixion By Salvador Dali
1202,Set Of Gardening Tools
1203,Windsurfing Board
1204,Bollinger '69
1205,Crate Of Cologne
1206,Michelangelo's Apollo
1207,Chess Computer Game
1208,Contact Lenses
1209,50-pound Jar Of Marmite
1210,Case Of Wine
1211,Sand-yacht
1212,30 Foot Of Steel
1213,Golf Bag
1214,Quart Of Brandy
1215,Elm Tree
1216,Suit
1217,Bouillabaisse With Langouste And Wine
1218,Scotch Whiskey
1219,American Whiskey
1220,Royal Jamaica Cigars
1221,Portable Telescope
1222,Large Photograph Of A Lot Of People At Race Meet
1223,Thermos Jug
1224,Calendar Watch
1225,Collection Of Apostle Spoons
1226,Vine
1227,Paper And Pens
1228,Spirit Stove
1229,Computer Bridge Game
1230,Refrigerator
1231,Taj Mahal
1232,Blank Book And A Pen
1233,Word Processor Linked To A Fleet Street Newspaper
1234,Cooking Range
1235,Hot Water
1236,Solar-powered Synthesizer
1237,Limitless Supply Of Yoghurt
1238,Boy Writer's Set
1239,Violin
1240,Cathedral Organ
1241,Family Pocket Watch
1242,Havana Cigar
1243,"Sketchbook, Paints And Pencils"
1244,Camera
1245,Electric Typewriter
1246,Trap (minus Donkey)
1247,Plastic Football
1248,Egg Timer
1249,Harmonium
1250,Transistor Radio
1251,Manuscript Paper And Pens
1252,Cask Of Claret
1253,Goose-down Pillow
1254,Sodastream And Gas Cylinders
1255,Ton Of Snuff
1256,Wine - Chateau Lascombes 1966
1257,Artist's Lay Figure
1258,Vat Of Bordeaux Wine
1259,Juggling Clubs
1260,Writing Paper
1261,Tuba
1262,Can Of Insect Repellant
1263,Le Moulin De La Galette By Renoir
1264,Painting From The Louvre
1265,Pad Of A4 Paper
1266,Writing Materials And Lots Of Bottles
1267,Watercolours And Hot-pressed Paper
1268,Nymph In A Landscape By Palma Vecchio
1269,Photograph Of Wife
1270,Bicycle And Cider
1271,Barbeque
1272,Pair Of Waterwings
1273,Air Conditioner
1274,Jaguar Xj6
1275,Comic Collage By Pearl Binder
1276,Hard Hat
1277,Video Cassettes Of Rumpole Of The Bailey
1278,Pianola
1279,Picture Of Mother When She Was 17
1280,Portable Typewriter And Lots Of Paper
1281,Harpsichord
1282,Artist's Kit
1283,Large Supply Of Paper And Pencils
1284,Crystal Ball
1285,Bottle Of Sleeping Tablets
1286,"Solar-powered Television, Video And Eight Films"
1287,More William Walton Records
1288,Italian Wine
1289,"Guitar, Manuscript Paper And Pens"
1290,Painting From His Collection
1291,Weekend In Paris
1292,Bed And Blankets
1293,Recording Of Curlews And Indian Spices
1294,The Plowden Guarneri Violin
1295,Water Colour Equipment
1296,Orchid-growing Kit
1297,Godiva Chocolates From Belgium
1298,Mattock
1299,Shower With Hot Water
1300,"Hieronymus Bosch, Garden Of Earthly Delights"
1301,Ordnance Survey Maps And A Set Of Books About The Fells
1302,Pate De Foie Gras
1303,Brass Bedstead And A Feather Mattress
1304,Pipe Organ
1305,Drawing And Painting Equipment
1306,His Favourite Picture In The Walker Art Gallery
1307,Film Projector And 20 Western Films
1308,Stone From Stomach Of A Fossilised Dinosaur
1309,Electric Razor
1310,Photo Album
1311,Couch
1312,Funicular For Hills
1313,Small Piece Of Sculpture
1314,"Box Of Notebooks, Pencils And Sharpeners"
1315,Engraved Glass And Supply Of Bitter Lemon
1316,Trombone And Hair Restorer
1317,Piano And An Instruction Book
1318,Wine Cellar
1319,Cross Given To Him By His Mother
1320,Drawings Of His Two Children
1321,Sand Iron And Golf Balls
1322,Boat Building Book
1323,Record Box
1324,Violin Strings And A Piano
1325,Bagpipes
1326,Beehive
1327,Australian Lager
1328,Clean Sheets
1329,"Ivon Hitchens, Boathouse At Dawn"
1330,Video Player And Films Of Family
1331,Reflecting Telescope
1332,Roulette Table
1333,Bath With A Hot Water System
1334,Music Manuscript Paper
1335,Watercolour Of Versailles By Raoul Dufy
1336,Ferrari
1337,Happy Pills
1338,Gold Statuette Of Sir Winston Churchill
1339,Still
1340,Elastoplast
1341,Flagpole And Union Jack
1342,Plasticine Model Of Roy Plomley And A Pin
1343,Marzipan
1344,Video Player And Cassettes Of His Own Performances
1345,"Velazquez, Les Hilanderas"
1346,Solar-powered Transistor Radio
1347,Sherry
1348,Mgtd 2952 Car
1349,Sugared Apricots
1350,Italian Landscape Drawing From His Collection
1351,Painting Of A Sleeping Girl By Dominico Feti
1352,12 Foot By 8 Foot Union Jack
1353,Grapevines
1354,Cases Of Chateau Lafite-rothschild
1355,Perkins Brailler And Paper
1356,Guitar And Instruction Book
1357,The Enlightened Buddha
1358,Six Dozen Bottles Of Chateau La Tour 1962
1359,Liebig Condenser For Distilling Gin
1360,Postcards Of Paintings With Poems On The Back
1361,Physical Culture Equipment
1362,Mixed Flower Seeds And A Watering Can
1363,Violin And Strings
1364,Stop Watch
1365,Moselle Wine
1366,Beautiful Watch
1367,Cashmere Shawl
1368,Gold Rail Pass
1369,An English Garden
1370,Live Sturgeon
1371,Venus De Milo
1372,Stick Of The Best Marijuana
1373,"Claude Monet, Dawn On The Seine"
1374,"Still, Grapevine Cuttings And Tobacco Seeds"
1375,Painting Equipment For Oils And Watercolours
1376,Supply Of Acid Drops
1377,Beautifully Bound Blank Book And Ballpoint Pens
1378,"Typewriter, Paper And A Desk With Cricket Balls In The Drawers"
1379,Pipes And Tobacco
1380,Pipes And Matches
1381,South American Hammock
1382,Bar Of Gold
1383,Expensive Ivory Back-scratcher
1384,Writing Materials And Beer
1385,Grapes (seedless)
1386,Malt Whisky
1387,Limes Toilet Water By Floris
1388,Painting He Has Of Kathmandu Valley
1389,Panama Hats Stuffed With Barley Sugar
1390,Blanket
1391,Whisky (tobermory)
1392,"Painting Of A Little Princess, By Velazquez"
1393,Painting By Kneller Of A Girl In A Golden Gown
1394,Roll Of Cloth
1395,Tobacco Plant
1396,A Piano And Music
1397,20 Tons Of Pine Needles
1398,Life-size Bronze Statue Of An Ama-indian Woman
1399,Collection Of Assorted Balls
1400,Well-programmed Robot
1401,Linen Sheets
1402,Canoe
1403,Picture Of Family
1404,Supply Of Beaujolais
1405,Motorway Service Station
1406,Piano With Wife's Picture Attached
1407,Tarot Cards
1408,Pill To Put Him To Sleep Forever
1409,Painting Of A Restaurant On The Banks Of The Marne
1410,"Violin, Strings And Case"
1411,Paper And Ballpoint Pens
1412,Piece Of Georgian Furniture
1413,Carbonated-drink Maker And Supply Of Flavourings
1414,Trombone
1415,Dozen Cases Of Chateau Latour '61
1416,"Projector, Viola, Radio, Paper And Pencils"
1417,Barclaycard
1418,Barometer
1419,Several Decks Of Cards
1420,Leather Wallet Containing Photos Of Family Dog
1421,Apricot Brandy
1422,"Set Of Bird-ringing Tools, Including Rings"
1423,Bath With Solar-heated Water
1424,Tennis Racket
1425,Leonardo Da Vinci's Painting Of The Annunciation
1426,Poppy Seeds
1427,Effigy Of Denis Healey And A Supply Of Pins
1428,Still For Making Whisky
1429,Royal Albert Hall Organ
1430,"G. Seurat, Sunday On The Island Of La Grande Jat"
1431,Bath With Warm Water
1432,"Sketchbook, Pencil, Pen And Ink"
1433,Pipe
1434,Album Of Photographs Of His Wife
1435,Pianola And A Supply Of Piano Rolls
1436,"Ton Of Treasure, Dated About 1642"
1437,Selected Cases Of French Wine
1438,Orchid Collection
1439,Evening Dress Suit
1440,Tuning Fork
1441,Calculator
1442,Navel Brush
1443,Golden Flute
1444,Diary Pencil
1445,Darkroom
1446,Puppet Theatre
1447,Reading Glass With Light
1448,Charles I Silver Tankard
1449,Chinese Temple At Virginia Water (jb Pine)
1450,Sleeping Bag Tv That Doesn't Work
1451,Gardening Kit
1452,Herrings In Sour Cream
1453,Bow Arrows
1454,Oil Painting
1455,Turner's Seascape
1456,Carpentry Set
1457,Manicure And Pedicure Set
1458,Parking Meter And Plenty Of Change
1459,Steam Locomotive And Railway
1460,Bonsai Tree
1461,White Burgundy
1462,Painting By Van Hook
1463,Architectural Pens And Paper
1464,Microscope
1465,Emerald
1466,Dummy Piano Keyboard
1467,Second-hand Bookshop
1468,Video Tv
1469,Journey Through Europe By J Hillaby
1470,"Lower Half Of W. Window Fairford Church, Gloucestershire"
1471,Oyster Knife
1472,Mermaid Statue In Copenhagen Harbour
1473,Set Of Drums
1474,"Typewriter, Pen, Paper"
1475,Something To Improve The Taste Of Coconut Milk
1476,Pair Of Shoes
1477,Mellotron
1478,Airmail Edition Of The Times
1479,Gin And Vermouth
1480,David Wynne's The Dancers
1481,Sketching Materials
1482,Benvenuto Cellini's Golden Salt Cellar
1483,Electronic Pipe Organ
1484,Gin
1485,Silver Box Containing A Miniature Singing Bird
1486,Nougat
1487,Wood-carving Kit
1488,Ivory Chess Set
1489,Automatic Bowling Machine Cricket Balls
1490,Dutch Winter Landscape By Bruegel
1491,Dom Perignon Champagne
1492,Antique Chess Set
1493,Radio-controlled Model Aircraft
1494,Cornet
1495,"Madonna And Child, By Jacob Epstein"
1496,Oxford World Atlas And An Ordnance Survey Map Of The British Isles
1497,Wine-making Kit
1498,Ninth Record: Massenet's Elegie
1499,Tobacco Seeds And A Brewing Vat
1500,Bernini Columns From The Vatican
1501,Chess Set
1502,Equipment For Wine-making And Brewing
1503,Small Distillery
1504,1966 Moet Chandon
1505,Daily Newspaper
1506,Scotch And Champagne
1507,Two Armchairs
1508,Padded Deckchair
1509,Koh-i-noor Diamond
1510,Malt Whisky And Drawing Paper
1511,Aspirin
1512,China Cat
1513,Crystal Rock Specimens
1514,Spanish Guitar
1515,12th-century Candlestick In Victoria Albert Museum
1516,Scotch Whisky
1517,Wood And Stone-carving Tools
1518,"Gin, Dry Martini And Lemons"
1519,Guinness Book Of Records
1520,"Paper, Pencils And A Battery-operated Sharpener"
1521,Jeroboam Of Taittinger Champagne
1522,Bavarian Rococo Church
1523,"Piano, Manuscript Paper, Pencils And A Rubber"
1524,Self-portrait Painted By His Wife
1525,Revolver
1526,Pin
1527,Buddhist Altar In The British Museum
1528,Writing Materials And Playing Cards
1529,"Rene Magritte, The Empire Of Light"
1530,Organ
1531,Telephone Line To A Sports Newspaper
1532,His Bentley Car
1533,Tartar Sauce
1534,Model-making Tools
1535,Materials For Making Wine Or Beer
1536,Flute And Music
1537,Box Of Family Photographs
1538,Watch
1539,Horse Saddle
1540,Roman Helmet In The British Museum
1541,Vermeer's `view Of Delft'
1542,Set Of Lenses
1543,Sports Car
1544,Book Stall In Victoria Station
1545,Cor Anglais
1546,Ice-cream Machine
1547,Daily Delivery Of The Sporting Life
1548,Centrally-heated Sleeping Bag
1549,Double Bed
1550,English Rock Garden
1551,Rubber Mattress
1552,Chinese Language Course
1553,"Donatello's Great Altar In St Anthony's Church, Padua"
1554,Caviar
1555,The Bbc Archives From 1945 To 1954
1556,"Tennis Balls, Golf Balls, Pencil And Paper"
1557,Harp
1558,Dutch Flower Picture In The Wallace Collection
1559,Still Life With Oriental Rug By Henri Matisse
1560,"Botticelli's Nativity, From The National Gallery"
1561,Magic Lamp
1562,Box Of Rubber Balls
1563,Deckchair
1564,Red Ink
1565,Child's Ball
1566,Block Of Stone
1567,Bourbon Whiskey
1568,"Packing Case Of Books, Including A Persian Dictionary"
1569,Michelangelo's Moses
1570,Drawing Of A Lady By Walter Sickert
1571,"Pipes, Tobacco, Matches And A Compass"
1572,Case Of Whisky And A Knife
1573,Unending Supply Of Afternoon Teas
1574,Painting By Camille Pissarro
1575,Snowglobe
1576,Beginner's Guide To Making Rafts
1577,Telescope Or Microscope
1578,Watercolour Painting Equipment
1579,Chippendale Cabinet
1580,Videotape Or Film Of The Full Five-days' Play Of A Test Match
1581,Double Bass
1582,Cigars And A Dinner Jacket
1583,Silk Vests And Pants
1584,Michelangelo's The Last Judgement
1585,Not Required
1586,Bronze Statue Of Poseidon
1587,"Music Manuscript Paper, Pencils And A Rubber"
1588,Oboe
1589,Broken And Unplayable Pop Record
1590,Bertholdo's Apollo
1591,Mexican Crystal Skull
1592,Head Of Nefertiti From The Berlin Museum
1593,Musical Instrument
1594,Sports Equipment
1595,Training Gear
1596,Painting By Michelangelo
1597,Pink Champagne
1598,Rembrandt's Titus
1599,Foam Rubber Sleeping Bag
1600,Renoir's The Bar At The Folies Bergere
1601,Landscape By Constable
1602,Golfing Equipment
1603,Horn
1604,Salvation Army Crest
1605,"Piano, Music Manuscript Paper And A Pencil"
1606,Electric Razor With Batteries
1607,Hot-water System
1608,Fly-tying Materials
1609,Pair Of Braces And A Hot-water System
1610,Handkerchiefs
1611,Tea Bags
1612,Recorder And The 1912 Portrait Of Dame Sybil Thorndike
1613,Morning Glory Seeds
1614,Pictures
1615,Aladdin's Lamp
1616,Travel Itinerary
1617,Spaghetti
1618,Scented Soap
1619,Daughters' Two Teddy Bears
1620,Safety Razor
1621,Drawing Materials
1622,Painting By Goya
1623,Cine Projector And Circus Films
1624,First-aid Kit
1625,Rose Trees
1626,Piano And Family Photographs
1627,Toothpaste
1628,Scotch Whisky And Lager
1629,Piano And A Conductor's Baton
1630,Record Catalogues
1631,Woodworker Tools
1632,Marine Chronometer
1633,Flame Opal
1634,Motor Car
1635,Photograph Of The Face On The Holy Shroud At Turin
1636,Rodin's Danae
1637,Music Manuscript Paper And Pencils
1638,Gramophone With Slow Speed
1639,Toilet Set
1640,Daughter's Teddy Bear
1641,Film Projector And Cricket Films
1642,Concertina
1643,Mountain
1644,Cricket Bat
1645,Theatrical Skip Full Of His Animal Skins
1646,Current Popular Newspaper
1647,Painting Of The South Wiltshire Countryside
1648,Apple Seeds
1649,Blue Silk Scarf
1650,Metal Construction Set
1651,Raphael's The Marriage Of Maria
1652,Portrait Of Wife
1653,Picasso's The Child And The Dove
1654,Penny Whistle
1655,Rolls-royce Engine
1656,Bronze Statuette Of David By Verrocchio
1657,Jamaican Cigars
1658,Sport Suit
1659,Two Packs Of Cards With Photographs Of Family On The Backs
1660,"Drawing Board, Paper And Pencils"
1661,Chess Board With Jade Pieces
1662,Watercolour Paints
1663,Dog Whip
1664,Cine Camera
1665,Recorder
1666,A Little Money
1667,Lump Of Jade
1668,Goya's Portrait Of The Duke Of Wellington
1669,Carving Tools
1670,Asparagus Seed
1671,Drawing Materials And A Pillow
1672,17th-century Miniature By Peter Oliver
1673,"Cold Cure, A Pack Of Cards And Writing Materials"
1674,Ventriloquist's Dummy
1675,Underwater Mask
1676,Euphonium
1677,Crucifix And A Family Photo Album
1678,Piece Of Crystal
1679,Meerschaum Pipe
1680,Compendium Of Parlour Games
1681,Yeast
1682,Early Chinese Statuette
1683,Piano/organ Hybrid
1684,Camp Bed
1685,Modelling Clay
1686,Drawing Equipment
1687,The Durer
1688,Ticket Home
1689,Film Camera
1690,White Rug
1691,Continental Railway Timetable
1692,Painting By Rembrandt
1693,Turkish Delight
1694,Microfilm Of Bell's Life
1695,Epstein Statue
1696,Tobacco
1697,Telephone (out Of Service)
1698,Bed With Mosquito Net
1699,Rum
1700,Green Havana Cigars
1701,Painting Materials And Model Soldiers
1702,Soap And A Piano
1703,Sports Car And Petrol
1704,Radio Set
1705,Regency Candelabra
1706,Carved Benin Head
1707,Waistcoat (his Mascot Since 1903)
1708,Film Projector And Films
1709,Dressing Case
1710,Cine Projector And Films
1711,Hans Christian Andersen's Mechanical Bird And Birdcage
1712,Cask Of Brandy
1713,"Picture Of Charlie Chaplin, And A Model Of A Rolls Royce"
1714,Inflatable Pillow
1715,"Menu From Maxim's Restaurant, Paris"
1716,&#xa3;1 Million In Pound Notes
1717,Desk With A Typewriter And Paper
1718,Well-stocked Bar
1719,Film Projector And Films Of Family
1720,Alcohol
1721,Indo-chinese Buddha
1722,Violin And Champagne
1723,Model Theatre
1724,"Field Glasses, And Modern Plumbing"
1725,Trombone And Materials For Making A Crystal Radio
1726,Barrel Of Beer
1727,Paper And Fountain Pen
1728,Cricket-bowling Machine
1729,Photograph Of Granny Grove
1730,Greenhouse For Growing Orchids
1731,"Music Manuscript Paper, Pencils, Rubber And Indigestion Tablets"
1732,Constable's Painting Of Willy Lott's Cottage
1733,Picture Of Family With A New York Background
1734,Not Paying Tax Or Insurance
1735,Champagne-making Kit
1736,Pipecleaners
1737,Sailing Dinghy
1738,Premium Bonds
1739,"Tennis Practice Wall, Rackets And Balls"
1740,Woman's Evening Gown
1741,Punchbag
1742,Snorkel Outfit
1743,His Paintbox And Tuba
1744,Leonardo Da Vinci's Notebooks
1745,Thermos Flask
1746,Portrait Of His Wife By Annigoni
1747,Painting Of The Virgin Of The Rocks
1748,Pleasure Gardens Of Barcelona
1749,Atlas
1750,Cards And Guitar
1751,Cricket Ball And A Piano
1752,Botticelli's Primavera
1753,Hair Restorer
1754,"Live Performance Of A Midsummer Night's Dream At The Open Air Theatre, Regent's Park"
1755,Box Of Books
1756,Landscape Painting By Ivon Hitchins
1757,Photograph Of His Wife And Baby Son
1758,"Painting, Selected From The National Gallery"
1759,Barrel Of Wine
1760,Pair Of Wife's Earrings
1761,Rose Bush
1762,Easel And Oil Painting Equipment
1763,The Moscopherus An Ancient Greek Sculpture
1764,Five-ton Block Of Lead As Keel For Schooner
1765,Back Number Of The New Yorker
1766,Autograph Letters Of Lord Nelson
1767,Longest Bar Of Soap In The World
1768,Seaside Pier With Slot Machines Etc
1769,Dog
1770,Underwater Breathing Apparatus
1771,Novelist
1772,Red And White Wine
1773,Painting Of Mushrooms By William Nicholson
1774,Figure Of An Urchin
1775,Corkscrew
1776,Ivory Pig
1777,Eddie Gray's Juggling Equipment
1778,Violin And Instructions
1779,Pin-up Picture
1780,Eyeglass
1781,Yellow Waistcoat
1782,Hairnets
1783,Cake
1784,Radio Transmitter
1785,Pack Of Cards For Bridge
1786,Kelly Man
1787,Radio And Tv Receiver
1788,His First Ukelele
1789,Trainable Animal
