1;"Maya Angelou";"I Know Why The Caged Bird Sings"
2;;"Reader's Digest - The Most Amazing Gardens In Britain And Ireland"
3;;"A Book On Practical Survival."
4;;"100 Masterpieces Of Art"
5;;"Staying Alive: Real Poems For Unreal Times"
6;;"A Large Anthology Of Poetry"
7;"Oprah Winfrey";"Oprah: An Autobiography"
8;;"A Special Compilation Of All Of David Attenborough's Books"
9;;"Maritime Intelligence And Publications"
10;"Nicholas Albery";"A Poem For The Day"
11;"Anthony Trollope";"The Eustace Diamonds"
12;"Georgette Heyer";"Cotillion"
13;"Jane Austen";"Pride And Prejudice"
14;"Isabella Bird";"Complete Works - Isabella Bird"
15;;"Roget's Thesaurus"
16;"Leo Tolstoy";"War And Peace"
17;"Sophie Parkin";"The History Of The Colony"
18;;"The Larousse French/english Dictionary"
19;"Stephen Sondheim";"Finishing The Hat"
20;;"An Anthology Of British Poetry"
21;;"The Brewer's Dictionary Of Phrase And Fable"
22;"Dame Daphne Du Maurier";"Rebecca"
23;"Daisaku Ikeda";"Lecture On The Heritage Of The Ultimate Law Of Life"
24;;"A Copy Of Chinese Dictionary Cihai, (which Means Sea Of Words) From The 1930s"
25;"Giuseppe Di Lampedusa";"The Leopard"
26;"Bruce Chatwin";"The Songlines"
27;"Graham Linehan";"The Complete Works"
28;"F. Scott Fitzgerald";"The Complete Works"
29;;"Biggest Book Of Poetry Available"
30;"George Grossmith";"The Diary Of A Nobody"
31;"A.a. Milne";"Winnie The Pooh"
32;"Benjamin Hall Kennedy";"Kennedy's Latin Primer"
33;;"Kennedy's Latin Primer"
34;"Homer";"The Odyssey"
35;"Olaf Stapledon";"Star Maker"
36;"Jerome K Jerome";"Three Men In A Boat"
37;"Marjorie Caygill";"Treasures Of The British Museum"
38;"Rumi";"Works"
39;;"A Bound Version Of Her Children's (and Their Cousins') Prose And Poems."
40;"Wendy Cope";"Poem For The Day"
41;"John 'lofty' Wiseman";"Sas Survival Handbook"
42;"James Joyce";"The Collected Works"
43;"Louisa May Alcott";"Little Women"
44;"Dorothy Hartley";"Food In England"
45;"Raine Maria Rilke";"Letters To A Young Poet"
46;"Dorothy Dunnett";"The Lymond Novels"
47;"Alan Bennett";"Untold Stories"
48;"Homer";"The Iliad"
49;"Hafiz";"Collected Poems"
50;"Hamlyn";"Larousse Gastronomique"
51;"Harper Lee";"To Kill A Mocking Bird"
52;"Charles Dickens";"Little Dorrit"
53;"Oscar Wilde";"The Selfish Giant"
54;"Walter Scott";"The Complete Works"
55;"Virgil";"Aeneid"
56;"Victor Hugo";"Les Miserables"
57;;"Four Volumes Of The London Telephone Directory"
58;;"Volumes Of Architectural And Historical Surveys Of London"
59;"Eckhart Tolle";"Power Of Now"
60;;"An Anthology Of 20th Century European Poetry"
61;;"A Very Large Catalogue"
62;"John Hunter";"The Case Books"
63;"Apsley Cherry-garrard";"The Worst Journey In The World"
64;"Charles Dickens";"A Big Book"
65;"Arthur Marshall";"The Collected Works"
66;"Ted Hughes";"The Rattlebag: An Anthology Of Poetry"
67;"Thomas Hardy";"The Collected Works"
68;"Paulo Coelho";"The Alchemist"
69;;"The Koran"
70;"Wu Cheng'en";"Sai-yu-ki (monkey: Journey To The West)"
71;;"A Huge Atlas"
72;"Anthony Powell";"Dance To The Music Of Time"
74;"James Joyce";"Ulysses"
75;;"Complete Encyclopaedia Britannica"
76;"Walter De La Mare";"Desert Islands: An Anthology"
77;"Jean Paul Sartre";"Being And Nothingness"
78;"Jamie Oliver";"Jamie's Dinners"
79;"Marcel Proust";"Remembrance Of Things Past"
80;"Aldous Huxley";"Three Novels"
82;;"A Biography Of Audrey Hepburn"
83;;"A Reference Book On The Natural History Of The Island"
84;"John Milton";"Complete Works"
86;"W B Yeats";"Collected Poems"
87;;"A Set Of Encyclopaedias"
88;"Richmal Crompton";"The Complete Works Of Just William"
89;"C S Lewis";"The Lion, Witch And The Wardrobe"
90;"Katherine Mansfield";"The Collected Works"
91;;"A Dictionary"
92;"Thomas Mann";"The Magic Mountain"
93;;"Reading Lyrics - American Songs 1900-1975"
94;;"A Book On Astronomy"
95;;"a Book Which Is In My Head About My Brother"
96;"Bill Bryson";"A Short History Of Nearly Everything"
97;"William Faulkner";"Her Favourite Works"
98;;"Primer To Learn Italian And Tape"
99;"Captain Cook";"Journals"
100;"Ted Hughes";"Birthday Letters"
101;;"An English Dictionary"
102;"G H R Parkinson";"Spinoza: Ethics"
103;"P G Wodehouse";"Completed Works"
104;"Emily Eden";"Semi-attached Couple"
105;"David Burnie";"Animal - The Definitive Visual Guide To The World's Wildlife"
106;"Bill Travers";"On Playing With Lions"
107;"William Makepeace Thackeray";"Vanity Fair"
108;"Robert Hughes";"The Fatal Shore"
109;;"A Book To Identify Birdlife On The Island"
110;;"A Book To Learn Good English"
111;;"A Big, Beautiful Coffee Table Book Of Pictures By Impressionists"
112;"Yann Arthus-bertrand";"The Earth From The Air"
113;;"Blank Book"
114;;"Book On Tropical Fish To Identify Them"
115;"Dante Alighieri";"Divine Comedy"
116;"Charles Dickens";"David Copperfield"
117;"Emily Bronte";"Wuthering Heights"
118;;"Hindi-english Dictionary"
119;;"Stories From 1001 Arabian Nights - Traditional"
120;"Jane Austen";"Sense And Sensibility"
121;"Charles Ray";"World Of Wonder: 10,000 Things Every Child Should Know"
122;"Thomas Malthus";"Essay On Population"
123;"Anton Chekhov";"Collected Plays"
124;"John Le Carre";"Novels"
125;"Alan Walker";"Liszt Biography"
126;"George Eliot";"Middlemarch"
127;"John Drummond";"Speaking Of Diaghilev"
128;"Elizabeth Knowles";"The Oxford Dictionary Of Quotations"
129;"Lawrence Kelly";"Diplomacy And Murder In Tehran - Alexander Griboyedov And Imperial Russia's Mission To The Shah Of Persia."
130;"Thomas Moore";"Utopia"
131;"Thomson";"The Mabinogi (in Modern Welsh)"
132;;"Her Own Book On Venice"
133;"Peter Ackroyd";"Dickens"
134;;"A Specially Commissioned Complete History Of Art Book, With Sections By John Berger, David Hockney And Jeanette Winterson Among Others"
135;"Melvyn Bragg";"Vision: 50 Years Of Creativity"
136;"W G Hoskins";"The Making Of The English Landscape"
137;"Professor Colin Blakemore";"The Oxford Companion To The Body"
138;"Christopher Lee";"This Sceptred Isle"
139;"J M Roberts";"History Of The World"
140;;"The Oxford Companion To Music"
141;"Russel Page";"The Education Of A Gardener"
142;"Philip Larkin";"Collected Poems"
143;"Marcel Proust";"A La Recherche Du Temps Perdu"
144;"Lewis Grassic Gibbon";"A Scots Quair"
145;"Arnold Bennett";"Old Wives Tale"
147;"J K Rowling";"Harry Potter Book"
148;;"A Guide To Edible Foods On A Desert Island"
149;"Simon Schama";"Embarrassment Of Riches"
150;"Fyodor Dostoyevsky";"The Brothers Karamazov"
151;;"Sas Survival Guide"
152;"Dorothy L Sayers";"Nine Tailors"
153;"Jane Austen";"Emma"
154;"Samuel Pepys";"Complete Diaries"
155;"Marcel Proust";"A Title"
156;;"The Girl Guides' Handbook"
157;"J R R Tolkien";"The Lord Of The Rings"
159;"Gabriel Garcia Marquez";"One Hundred Years Of Solitude"
160;"John Donne";"The Collected Works"
161;;"Anthology Of Poetry"
162;"Thomas Gray";"Collected Poems"
163;"Richard Mccain";"Poet For Poet"
164;"Isaiah Berlin";"The Proper Study Of Mankind"
165;"Seamus Heaney";"The Collected Works"
166;"John Donne";"Collected Poems"
167;"G M Trevelyan";"History Of England"
168;"Virginia Woolf";"Moments Of Being"
169;"Emily Dickinson";"Collection Of Poems"
170;"John Carey";"The Faber Book Of Reportage"
172;"Charles Darwin";"Origin Of Species"
173;;"Ordnance Survey Map Of The World"
174;;"The Book Of Kells"
175;"Walter De La Mare";"Come Hither"
177;;"The History And Creation Of A Japanese Sand Garden"
178;"F. Scott Fitzgerald";"Tender Is The Night"
179;"Stephen Hawking";"A Brief History Of Time"
180;"Anton Chekhov";"The Collected Works"
181;"John Dankworth";"The Jazz Revolution"
182;"Arthur Koestler";"The Sleep Walkers"
183;"William Louis Wheeler";"The Medical Care Of Merchant Seamen"
184;"Robert Baden-powell";"Scouting For Boys"
185;"Norman Vincent Peale";"The Power Of Positive Thinking"
186;;"A Photograph Album"
187;"Mozart";"Complete Score Of Fidelio"
188;"Beethoven";"Score Of The Opera Fidelio"
189;"Freya Stark";"Traveller's Prelude"
190;"Edith Sitwell";"The Atlantic Book Of British And American Poetry"
191;"Vita Sackville-west";"Another World Than This"
192;"Jay Landesman";"Rebel Without Applause"
193;"Jay Landesman";"Jay Walking"
194;"Noel Coward";"Diary"
195;"Oscar Wilde";"Complete Works"
196;"Randolph Stow";"Tourmaline"
197;"Bob Monkhouse";"Crying With Laughter"
198;"Leo Tolstoy";"A Title, In Russian And English,"
199;;"A Culinary Book"
200;"Nancy Mitford";"The Pursuit Of Love"
201;;"Arabian Nights (1000 And One Nights)"
202;"Ralph Waldo Trine";"In Tune With The Infinite: Fullness Of Peace Power"
203;"Hillier";"Hillier's Dictionary Of Plants"
204;"Peter Ustinov";"A Title"
205;"John Steinbeck";"Short Stories"
206;"Francis Child";"English Scottish Ballads"
208;"Johan H Huizinga";"The Waning Of The Middle Ages"
209;"Scarlatti";"All The Sonatas"
210;;"Encyclopaedia"
211;"M Horace Hayes";"Veterinary Notes For Horse Owners"
212;"Tom Sharpe";"Wilt"
213;"Daniel Defoe";"Robinson Crusoe"
214;"Harold Pinter";"Compendium Of Plays"
215;"Henry James";"The Golden Bowl"
216;"V S Naipaul";"A House For Mr Biswas"
217;;"Atlas Of The Third World"
218;"Honore De Balzac";"Fairy Stories"
219;"T S Eliot";"Four Quartets"
220;"Arthur Koestler";"The Act Of Creation"
221;"Helen Gardiner";"The Oxford Book Of English Verse"
222;"Robert Graves";"Greek Myths"
223;;"Recent Editions Of Magazines, E.g. Vanity Fair; Vogue"
224;"Geoffrey Chaucer";"Canterbury Tales"
225;"Kahlil Gibran";"The Prophet"
226;"Duc De Saint-simon";"Memoirs"
227;"Dr Roy Strong";"A Celebration Of Gardens"
228;;"The Oxford Dictionary Of Quotations"
229;;"A Thousand And One Nights"
230;;"Reader's Digest"
231;"Mark Twain";"Huckleberry Finn"
232;;"Photograph Album"
233;;"Norton's Star Atlas"
234;;"All Correspondence Between Her And Her Mother"
236;"Vikram Seth";"A Suitable Boy"
237;"Naomi Lewis";"Messages - Poetry"
238;;"Faber Book Of Religious Verse"
239;"Dan Millman";"Way Of The Peaceful Warrior"
240;"Samuel Pepys";"Diary"
241;"Stephen Runciman";"History Of The Crusades"
242;"Richard Elman";"The New Oxford Book Of American Verse"
243;"Henry Handel Richardson";"Maurice Guest"
244;"T H White";"The Once And Future King"
245;"W B Yeats";"Complete Works"
246;"Sigmund Freud";"Complete Works"
247;;"Geometry Tutor"
248;"William Shakespeare";"Complete Works In German"
249;;"Russian Dictionary"
250;"Sir Winston Churchill";"A History Of The English Speaking Peoples"
251;"Chateaubriand";"Memories From Beyond The Grave"
252;"Kingsley Amis";"Lucky Jim"
253;"Charles Dickens";"Oliver Twist"
254;"John Donne";"Poems For Joy Sermons For Solace"
255;;"Sas Survival Manual"
256;;"A Diy Manual"
257;"Robert Heinlein";"Glory Road"
258;;"A Collection Of Poems"
259;"W B Yeats";"Poetry"
260;;"A Book Of American History"
261;;"History Of The United States"
262;"Kenneth Rose";"George V"
263;;"Who's Who In The Theatre"
264;"William Morris";"The Collected Works"
265;;"A Book About Hollywood"
266;;"A History Of Great Britain"
267;"Margaret Mitchell";"Gone With The Wind"
268;"Thomas Hardy";"Mayor Of Casterbridge"
269;;"Teach Yourself Bridge"
270;;"A Bound Copy Of The Spectator Magazines"
271;"Anthony Trollope";"Barchester Novels"
272;;"A Do-it-yourself Manual"
273;;"Do-it-yourself Manual"
274;"Gabriel Garcia Marquez";"Love In The Time Of Cholera"
275;;"I Ching"
276;;"Teach Yourself Physics"
277;"Marcel Proust";"Books"
278;;"Dictionary Of National Biography"
279;"Herman Melville";"Moby Dick"
280;;"A Book Of Edible Fruits And Vegetables"
281;"Oscar Wilde";"The Picture Of Dorian Gray"
282;;"Teach-yourself Manual Of The Principal Foreign Languages"
283;"Josef Von Sternberg";"Fun In A Chinese Laundry"
284;"Thora Hird";"Scene Hird"
285;;"History Of The World"
286;"Charlotte Bronte";"Jane Eyre"
287;;"Encyclopaedia Britannica"
288;;"The Scores Of All Music Chosen In A Bound Volume"
289;"Agatha Christie";"Why Didn't They Ask Evans?"
290;"Thomas Hardy";"Tess Of The D'urbervilles"
291;"Anthony Trollope";"The Last Chronicle Of Barset"
292;;"The Oxford English Dictionary"
293;"Aesop";"Fables"
294;"Lewis Carroll";"Alice In Wonderland"
295;"Gareth Jones";"The Disinherited"
296;;"A Collection Of Short Stories"
297;"St Francis De Sales";"Introduction To The Devout Life"
298;;"Filofax"
299;"Johann Wyss";"The Swiss Family Robinson"
300;"Pat Conroy";"Prince Of Tides"
301;;"The Biggest Atlas In The World"
302;"Dr Jacob Bronowski";"The Ascent Of Man"
303;"Keith Floyd";"Floyd On Fish"
304;"Sir Winston Churchill";"The Second World War"
305;"Elizabeth David";"French Provincial Cooking"
306;"Swami Muktananda";"Where Are You Going?"
307;"Jack Higgins";"The Eagle Has Landed"
308;"James Kavanaugh";"Will You Be My Friend?"
309;"Charles Dickens";"The Complete Works"
310;"Wilfred Owen";"Autobiography"
311;"F. Scott Fitzgerald";"The Great Gatsby"
312;"Ayn Rand";"Atlas Shrugged"
313;"Virginia Woolf";"Letters"
314;"Sam Shepard";"Hawk Moon"
315;"Jane Austen";"The Collected Works"
316;;"Dictionary"
317;;"The Complete Andy Capp"
318;;"The Oxford Book Of English Verse"
319;"Paul Verlaine";"Poetry"
320;"John Fowles";"The Magus"
321;;"Her Own Autobiography"
322;"Aleksandr Pushkin";"Poetry"
323;"William Wordsworth";"The Collected Works"
324;"Anthony Burgess";"Language Made Plain"
325;"Herodotus";"Histories"
326;"Rudyard Kipling";"Indian Tales"
327;;"Hexalingual Thesaurus"
328;"Anthony Wood";"The Five-volume Works"
329;"Rudyard Kipling";"Kim"
330;;"Blank Paper"
331;"Mrs Beeton";"Household Management"
332;"Kathleen Winsor";"Forever Amber"
333;;"The World Encyclopaedia Of Cookery"
334;;"True Funny Stories In German"
335;"Leo Tolstoy";"Anna Karenina"
336;;"The Bhagavad-gita"
337;"Marquise De Sevigne";"Letters"
338;"Hector Berlioz";"Books"
339;"Hugh Johnson";"Cookery Book"
340;"Jane Austen";"Persuasion"
341;"Dama Pada";"Buddhist Scripture"
342;"Saint Therese Of Lisieux";"Autobiography"
343;;"Illustrated Dictionary"
344;"Arthur Quiller-couch";"The Oxford Book Of English Verse"
345;"Edward Gibbon";"The History Of The Decline And Fall Of The Roman Empire"
346;"Moss Hart";"Act One"
347;"Dante Alighieri";"Inferno"
348;"Louis De Rouvroy";"Memoirs"
349;"Diana Dors";"Autobiography"
350;"P G Wodehouse";"Novels"
351;"Virginia Woolf";"Diaries"
352;;"French Language Course"
353;"George Kelly";"Plays"
354;;"Dictionary Of Quotations"
355;"Johann Wolfgang Goethe";"Collected Works"
356;"William Durant";"The Story Of Civilization"
357;"Rosamond Lehmann";"The Weather In The Streets"
359;"Barbara Woodhouse";"Talking To Animals"
360;"E E Cummings";"Poetry"
361;;"The Salvation Army Songbook"
362;;"Survival Manual"
363;;"Italian Touring Atlas Of The World"
364;"Hermann Hesse";"Siddhartha"
365;"Simone De Beauvoir";"The Second Sex"
366;"Thomas Hardy";"Jude The Obscure"
367;"Frederick Forsyth";"The Day Of The Jackal"
368;"Neville Williams";"The Penguin Chronology Of The Modern World"
369;;"Book About Growing Flowers And Vegetables On A Desert Island"
370;;"History Of The Whole World"
371;"John Cheever";"Collected Short Stories"
372;"Antoine De Saint-exupery";"The Little Prince"
373;;"Single-volume Encyclopaedia"
374;"Kenneth Clark";"Civilisation"
375;"Malford";"The Nonsense Of Dying"
376;"Geoffrey Grigson";"Notes From An Odd Country"
377;"Queen Victoria";"Letters"
378;"Raine Maria Rilke";"Poetry In Spanish German"
379;"Agnes Smedley";"Daughter Of The Earth"
380;"George Bernard Shaw";"Plays And Prefaces"
381;;"Guide To Boat Building"
382;"Compton Mackenzie";"The Four Winds Of Love"
383;"Rose Macaulay";"Orphan Island"
384;"B K S Iyengar";"Light On Yoga"
385;;"Volume On Physics"
386;"James Woodforde";"The Diary Of A Country Parson 1758-1802"
388;"A.a. Milne";"Now We Are Six"
389;"A.a. Milne";"When We Were Very Young"
390;;"Thick Blank Book And A Pen"
391;"Mary Strong";"Letters Of The Scattered Brotherhood"
392;"Emmet Fox";"Around The Year With Emmet Fox"
393;"Roget";"Thesaurus"
394;"Henry W Fowler";"Fowler's Modern English Usage"
395;"Frank Herbert";"Dune"
396;"Victor Sperandeo";"Pacific Cookbook"
397;"Enid Bagnold";"Autobiography"
398;;"A Great Tome On The Law"
399;"Sigrid Undset";"Kristin Lauransdatter"
401;"Anthony Trollope";"Novels"
402;;"Astronomy Book"
403;"Charles Kidd";"Debrett's Peerage"
404;"Albert Camus";"Collected Stories"
405;"Countess Elizabeth Longford";"Victoria Ri"
406;"Charles Dickens";"The Pickwick Papers"
407;"H G Wells";"The Outline Of History"
408;"Charles Schulz";"Snoopy Dog"
409;"Dr Thor Heyerdahl";"The Kon-tiki Expedition"
410;;"Volume On Animal Communication"
411;"Charles Dickens";"The Collected Works"
412;"Johann Wolfgang Goethe";"Faust"
413;"Mildred Newman";"How To Be Your Own Best Friend"
414;"Christopher Isherwood";"Bhagavad-gita"
415;"Jean Plaidy";"Novels"
416;"Carl Giles";"Book Of Cartoons"
417;"Michel De Montaigne";"The Collected Works"
418;;"Volume Of Colour Reproductions Of Paintings"
419;"Rev Francis Kilvert";"Reverend Francis Kilvert, Diary 1870-1879"
420;;"Cookery Book"
421;"Julia Trevelyan Oman";"Elizabeth R"
422;;"Illustrated Herbal"
423;"Sir Keith Feiling";"History Of England"
424;"James Mitchener";"Novels"
425;;"Volumes On Astronomy And Astrology"
426;"Mary Baker Eddy";"Science And Health, With A Key To The Scriptures"
427;;"Cookery Encyclopaedia"
428;"Mario Puzo";"The Godfather"
429;"Ernest Holmes";"The Science Of Mind"
430;;"Primary Instruction In All Languages"
431;;"Law Study Course"
432;"Leo Slezak";"Works"
433;"Penelope Mortimer";"The Pumpkin Eater"
434;;"Illustrated Book On Gardening"
435;"George Bernard Shaw";"The Collected Works"
437;"Louise Saunders";"The Knave Of Hearts"
438;"Anatole France";"Le Crime De Sylvestre Bonnard"
439;"James Thurber";"The Thurber Carnival"
440;;"Anthology Of English Verse"
441;"Cornelia Otis Skinner";"Our Hearts Were Young And Gay"
442;"Pyotr Ilyich Tchaikovsky";"The Scores Of The Symphonies"
444;;"Herr, Hier Bin Ich (prayers Of Life)"
445;"Beatrix Potter";"Works"
446;"D'arcy Thompson";"Growth And Form"
447;;"Book On Desert Island Cookery"
448;"Alice Bailey";"White Magic"
450;"Anton Chekhov";"Three Sisters"
451;;"Volumes Of Her Autobiography"
452;"Robert Stroud";"The Birdman Of Alcatraz"
453;;"Enquire Within Upon Everything"
454;;"Larousse Gastronomique"
455;"Lord A P Wavell";"Other Men's Flowers"
456;;"Anglo-french Dictionary"
457;"Homer";"Bi-lingual Edition"
458;;"Blank Pages And Pencils"
459;;"Selection Of English Poetry"
460;;"Textbook On Anthropology"
461;"Frances Hodgson Burnett";"The Secret Garden"
462;"Plato";"Dialogues"
463;"Charles Dickens";"Bleak House"
464;"Charles Dickens";"Martin Chuzzlewit"
465;"Stella Gibbons";"Cold Comfort Farm"
466;"Gabriel Chevallier";"Clochemerle"
467;"Peter Ouspensky";"In Search Of The Miraculous"
468;"Peter Ouspensky";"New Model Of The Universe"
469;"Harold Getty";"The Raft Book"
470;"Sir Winston Churchill";"Reminiscences Of Early Life"
471;"Paul Gallico";"The Snow Goose"
472;"Charles Dickens";"Her Favourite Novels"
473;"T S Eliot";"Poetry"
474;"Marguerite Young";"Mrs Mackintosh My Darling"
475;"William Wordsworth";"Complete Works"
476;;"Whitaker's Almanack"
477;"Pope John Xxiii";"The Diary Of A Soul"
478;;"Illustrated Book On Greek Mythology"
479;"Marguerite Steen";"The Sun Is My Undoing"
480;"Jane Austen";"Collected Novels"
481;;"Notebook And Pencil"
482;"Marguerite Yourcenar";"Hadrian's Memoirs"
483;;"Who's Who"
484;;"Anthology Of World Poetry"
485;"Konstantin Paustovsky";"The Telegram"
486;"Konstantin Paustovsky";"A Story Of Life"
487;;"Manual Of Astronomy Plus A Bookmark With A Photograph Of Michelangelo's Pieta"
488;"Macneill Dixon";"The Human Situation"
489;;"Personal Anthology Of Poetry"
490;;"Book With Blank Pages And A Pen"
491;;"Biography Of Bette Davis"
492;"Laozi";"A Way Of Life"
493;"Gerald Durrell";"My Family And Other Animals"
494;"Ian Fleming";"James Bond Novels"
495;"Herbert Tarr";"The Conversion Of Charlie Cohen"
496;;"Atlas"
497;;"Vaughan Haddock's Book Of Modern Verse"
498;"Ralph Waldo Emerson";"Essays"
499;;"English Dictionary"
500;;"Reproductions Of Her Favourite Pictures"
501;"John Galsworthy";"The Forsyte Saga"
502;"Oscar Wilde";"The Happy Prince And Other Tales"
503;;"Compilation Of Works Of Philosophy"
504;;"Book On Mathematics"
505;"Johann Wolfgang Goethe";"Plays"
507;"Ogden Nash";"Poems"
508;"John Osborne";"Collected Plays"
509;"Billy Wright";"Book Of Soccer"
510;"Hendrik Van Loon";"The Story Of Mankind"
511;"H G Wells";"The Science Of Life"
512;"Sheridan";"The Plays"
513;;"Book Of Common Prayer"
514;"J.d. Salinger";"The Catcher In The Rye"
515;"Norman Collins";"London Belongs To Me"
516;"John Milton";"Paradise Lost"
517;"Leo Tolstoy";"What Then Must We Do"
518;"Otto Goldschmidt";"Memoirs Of Jenny Lind"
519;;"The Week-end Book"
520;"Fougasse";"Drawings"
521;"Kenneth Grahame";"The Wind In The Willows"
522;"Jean Racine";"Plays"
523;"James Frazer";"The Golden Bough"
524;;"Her Husband's Handwritten Limericks"
525;"Johann Wolfgang Goethe";"A Philosophical Work"
526;;"French Cookery Book"
527;"W. Somerset Maugham";"A Novel"
528;"Eartha Kitt";"Autobiography"
529;;"Large Book Of Short Stories"
530;"Talbot Baines";"Fifth Form Of St Dominic's"
531;;"Bible"
532;"Gustave Flaubert";"Madam Bovary"
533;;"Mediterranean Cookbook"
535;"Thomas A Kempis";"Imitation Of Christ"
536;"Kurt Vonnegut";"Slaughterhouse-five"
537;"Jack Kerouac";"On The Road"
538;"Sholem Aleichem";"Complete Works"
539;"Emile Zola";"Germinal"
540;"Pauline Prescott";"Smile Though Your Heart Is Breaking"
541;;"A Guide To Learning The Piano"
542;"W B Lord";"Shifts And Expedients Of Camp Life"
543;"William Barry Lord";"Shifts And Expedients Of Camp Life"
544;;"Tang Shi Sanbai Shou (three Hundred Tang Poems)"
545;;"A Big Atlas"
546;"P G Wodehouse";"The Collected Works"
547;"P G Wodehouse";"His Favourite Book"
548;"John David Jackson";"Classical Electrodynamics"
549;"Anthony Trollope";"The Complete Works"
550;;"The Talmud"
551;"Robert Hardy Matthew Strickland";"The Great Warbow"
552;;"French Dictionary"
553;"Wole Soyinka";"The Complete Works"
554;"Sir Arthur Conan Doyle";"Complete Sherlock Holmes"
555;;"The Biggest Possible Encyclopedia"
556;;"Thesaurus"
557;;"A Photographic Album With Pictures Of His Family"
558;"Spike Milligan";"Puckoon"
559;"S J Perelman";"The Most Of S.j.perelman"
560;"Woody Allen";"The Complete Prose Woody Allen By"
561;"Saki";"The Complete Works"
562;;"A Tropical Recipe Book"
563;"Cormac Mccarthy";"All The Pretty Horses"
564;"August Wilson";"The Complete Works Of August Wilson"
565;"Andy Ripley";"Ripley's World"
566;"Christopher Ricks";"The Oxford Book Of English Verse"
567;"Doris Kearns Goodwin";"Team Of Rivals: The Political Genius Of Abraham Lincoln"
568;"Robert Burns";"The Complete Works"
569;"Anton Chekhov";"The Complete Plays"
570;"W. Somerset Maugham";"A Volume Of Somerset Maugham's Short Stories"
571;"Lars Svensson";"A Collins Bird Book"
572;"Nigel Norman";"Book His Father: Verses 1911 - 1943 By"
573;"Evelyn Waugh";"Scoop"
574;"Kurt Vonnegut";"Breakfast Of Champions"
575;"Roy Fisher";"The Long And The Short Of It: Poems 1955-2005"
576;"Confucius";"The Analects Of Confucius"
577;"Naguib Mahfouz";"The Cairo Trilogy"
578;"Robert Tressell";"The Ragged Trousered Philanthropists"
579;"Lawrence James";"The Rise And Fall Of The British Empire"
580;"Edward Bulwer-lytton";"Zanoni"
581;"P G Wodehouse";"The Complete Works"
582;;"Matchbook"
583;;"The Book Of Alcoholics Anonymous"
584;;"Book Of Poems"
585;;"Teach Yourself French"
586;"George Mikes";"How To Be An Alien"
587;"Dylan Thomas";"Collected Works"
588;"Charles Darwin";"The Voyage Of The Beagle"
589;"Ken Follet";"The Pillars Of The Earth"
590;"Dave Pelz";"Short Game Of Golf"
591;"Sir Roger Penrose";"The Road To Reality"
592;"Jonathan Harvey";"Beautiful Thing"
593;"Robert Louis Stevenson";"Treasure Island"
594;"Don Delillo";"Libra"
595;"Sir George Grove";"Operatic Dictionary Of Music"
596;"Ayn Rand";"The Fountainhead"
597;"Benny Green";"Such Sweet Thunder: Benny Green On Jazz"
598;"Dorothy Parker";"The Penguin Dorothy Parker"
599;"Wisden";"The Collected Cricketers' Almanac"
600;;"Photo Album Of Family Friends"
601;"Charles Chilton";"Journey Into Space"
602;"Richmal Crompton";"Audiobook Of Martin Jarvis Reading Just William"
603;"Laurence Sterne";"The Life And Opinions Of Tristram Shandy"
604;"Bear Grylls";"Man Vs Wild - Survival Techniques From The Most Dangerous Places On Earth"
605;"Victor Hugo";"The Works"
606;"Sybille Bedford";"A Legacy"
607;"Evelyn Waugh";"Decline And Fall"
608;"Dionysius Lardner";"The Cabinet Cyclopedia"
609;;"The Reader's Digest Complete Do It Yourself Manual"
610;"Patrick O'brien";"Post Captain In The Aubrey/maturin Series"
611;"John Hayward";"The Faber Book Of English Verse"
612;"Brian Keenan";"An Evil Cradling"
613;;"The Melbourne Street Directory"
614;"Max Beerbohm";"The Collected Works"
615;"Ck Scott Moncrieff (transl.)";"Remembrance Of Things Past (proust)"
616;"David Diop";"Coups De Pilon"
617;"Suzanna Clarke";"Jonathan Strange And Mr Norrell"
618;"George Bernard Shaw";"The Plays"
619;"Brigitte Lardinois";"Magnum Magnum"
620;"Nelson Mandela";"Long Walk To Freedom"
621;;"The Air Publication 1234 (raf Manual)"
622;"Hilaire Belloc";"Cautionary Tales"
623;"James Lawton";"Collected Writings"
624;;"Decent Translation Of The Koran"
625;"Hermann Hesse";"The Glass Bead Game"
626;"Peter Ackroyd";"Blake"
627;"Iain Banks";"The Complete Works"
628;"Alice Munro";"Selected Stories"
630;"Douglas Adams";"The Hitchhiker's Guide To The Galaxy"
631;"Robert Musil";"The Man Without Qualities"
632;;"Teach Yourself Piano Tuning"
633;"Philip Pullman";"His Dark Materials Trilogy"
634;"Jonathan Lynn";"Yes, Minister"
635;"W G Sebald";"Austerlitz"
636;"W. Somerset Maugham";"The Collected Works"
637;"Anne Frank";"The Diary Of Anne Frank"
638;"John Steinbeck";"The Collected Works"
639;"Marcel Proust";"The Collected Works"
640;"Neil Gaiman";"The Sandman Series"
641;"Michel De Montaigne";"Collected Essays"
642;;"Largest Anthology Of Poetry Possible"
643;;"A Parallel Text Of The Bhagvad Gita"
644;"Miguel De Cervantes";"Don Quixote"
645;;"Biggest Poetry Anthology Possible"
646;"Colin Macinnes";"Absolute Beginners"
647;"George Macdonald Fraser";"Complete Books Of Flashman"
648;"Anthony Trollope";"The Collected Works"
649;"Cole Porter";"The Cole Porter Songbook"
650;"Ivan Turgenev";"First Love"
651;"John Wain";"Oxford Anthology Of English Poetry"
653;;"Handbook On Tropical Vegetation"
654;"Samuel Pepys";"Diaries"
655;"Doris Lessing";"Any Book Of Short Stories"
656;"Aleksandr Pushkin";"Complete Works"
657;"Charles Dickens";"Great Expectations"
658;"George Bernard Shaw";"Collected Plays"
659;"Philip Larkin";"Oxford Book Of Twentieth-century English Verse"
660;;"Huge Book Of English Poetry"
661;;"Book On Medieval History"
662;;"A Coffee Table Book Of Art"
663;"Francis Child";"Collection Of Popular Songs Of England Scotland"
664;"J. Pelling";"Lessons In Ndebele"
665;"Dennis Genpo Merzel";"The Path Of The Human Being"
666;"Dylan Thomas";"Complete Works"
667;"Bertrand Russell";"The History Of Western Philosophy"
668;"Martin Heidegger";"Being And Time"
669;"Ryszard Kapuscinski";"The Collected Works"
670;;"1972 Social Registry Of New York"
671;"Adam Smith";"Wealth Of Nations"
672;;"An Art Book On Gothic And Renaissance Altar Pieces"
673;"Arthur Miller";"Complete Works"
674;"Honore De Balzac";"The Human Comedy"
675;"John Halpern";"Biography Of John Osborne"
676;"Dr Samuel Johnson";"Rasselas"
677;;"A Large French Dictionary"
678;"Michelin";"The Michelin Guide To France"
679;;"Unabridged Collins/robert/ English /french Dictionary"
680;"Douglas Adams";"The Deeper Meaning Of Liff"
682;"Paul Brickhill";"Reach For The Sky: The Story Of Douglas Bader"
683;"James Thurber";"Collected Works"
684;"Harold Mcgee";"On Food And Cooking: The Science And Lore Of The Kitchen"
686;"Mervyn Peake";"Captain Slaughterboard Drops Anchor"
687;"Jackie Collins";"Hollywood Wives"
688;"Carl Sandburg";"The Complete Poems"
689;"Henry Vaughan";"Collected Poems Of Henry Vaughan"
691;;"Family Photograph Albums"
692;;"A Book About Learning To Paint"
693;"H G Wells";"Complete Short Stories"
694;"Hugh Fearnley-whittingstall";"The River Cottage Cookbook"
695;"Niall Ferguson";"How Britain Made The Modern World"
696;"Benedict Spinoza";"Ethics"
697;;"The Joy Of Cooking"
698;;"Oxford Latin Dictionary"
699;"Giorgos Seferis";"Bilingual Edition Of Poetry"
701;;"Construction Manual"
702;;"The History Of The Derby"
703;;"Teach Yourself Mathematics Illustrated By Voluptuous Women"
704;"Woody Allen";"Stories"
705;;"London A-z"
706;;"Set Of Hansard"
707;"Geoffrey Chaucer";"The Collected Works"
708;"William James";"The Variety Of Religious Experiences"
709;"Charles Dickens";"Christmas Carol"
710;;"Homer - An Indian Paper Edition (to Translate)"
711;"Hermann Hesse";"Demian"
712;"E.m Forster";"A Passage To India"
713;"Richard Carlson";"Stop Thinking, Start Living"
714;"Lawrence Goldman";"Oxford Dictionary Of National Biography"
715;"James Gillray";"Reproductions Of Works"
716;"Derek Jarman";"Derek Jarman's Garden"
717;"Mahatma Gandhi";"The Collected Writings"
718;"John Burnside";"Wild Reckoning, An Anthology Provoked Rachel Carson's Silent Spring By"
719;"Richard Brautigan";"Sombrero Fallout"
720;;"A Compendium Of The World's Best Science Fiction"
721;"Clifford Ashley";"Ashley's Book Of Knots"
722;;"Book Of Short Stories"
723;"Blaise Pascal";"Pensees"
724;"Epictetus";"The Collected Works"
725;"J B Morton";"Complete Works Of Beachcomber"
726;"Beachcomber";"The Complete Works"
727;"Francis M Cornford";"Microcosmographia Academica"
728;;"Sanskrit Dictionary"
729;"Libbie Henrietta Hyman";"The Invertebrates"
730;"John Livingstone Lowe";"The Road To Xanadu"
731;"Charles Dickens";"Any Book"
732;"Pedro Juan Gutierrez";"Dirty Trilogy Of Havana"
733;"Engelbert Humperdinck";"What's In A Name?"
735;"John Keegan";"The Works Of Historian John Keegan: The First World War The Second World War Collected Into One Volume"
736;;"The Koran (in Arabic And English)"
737;"Kenneth Williams";"Diaries"
738;;"World Atlas, Extended"
739;"Robert Louis Stevenson";"Treasure Island Kidnapped As One Volume"
741;"Richard Burton";"Translation Of The Arabian Nights"
742;;"Blank Book And Pens"
743;"Charles Dickens";"Nicholas Nickleby"
744;"Robert Caro";"The Years Of Lyndon Johnson"
745;"Geoffrey Willans";"Molesworth"
746;"Lewis Carroll";"The Complete Works"
747;;"Propylaen Kunstgeschichte - The History Of Art"
748;"Jane Austen";"Mansfield Park"
749;"John Cowper Powys";"A Glastonbury Romance"
750;"Helmut Newton";"Sumo"
751;"Bach";"The Complete Works"
752;"Ernest Hemingway";"1st Edition Of 49 Stories"
753;"Alain Robbe-grilles";"Repetition"
755;;"The New Oxford Book Of English Verse"
756;"Christopher Brickell";"The Rhs A-z Encyclopaedia Of Garden Plants"
757;"Henry Longhurst";"The Essential Henry Longhurst"
758;"Mary Norton";"The Borrowers"
759;"Patrick O'brien";"The Complete Works"
760;"P G Wodehouse";"A Pelican At Blandings"
761;"John Buchan";"The Four Adventures Of Richard Hannay: The 39 Steps, Greenmantle, Mr Standfast, The Three Hostages"
762;"Brendan Kennelly";"Glimpses"
763;"Prof Paul Fussell";"The Great War And Modern Memory"
764;"Charles Dickens";"Barnaby Rudge"
765;"Frank Mccourt";"Angela's Ashes"
766;"Giovanni Battista Piranesi";"The Prisons (le Carceri): The Complete First And Second States"
767;"C S Lewis";"The Complete Chronicles Of Narnia"
768;"Gerard Manley Hopkins";"Major Works"
769;"Philippe Delerm";"La Premiere Gorgee De Biere Et Autres Plaisirs Minuscules"
770;"Anton Chekhov";"Short Stories"
771;;"An English Translation Of The Koran"
772;"Wallace Earle Stegner";"All The Little Live Things"
773;"Robert Allen";"The Giant Book Of Mensa Puzzles"
774;;"A Dictionary Of Flora And Fauna"
775;;"A Chord Book Full Of Songs And Arias"
776;;"Yoga Manual"
777;"John Burroughs";"An Anthology Of Poems Which Include The Poem Waiting"
778;"W H Auden";"Collection Of Poems"
779;"William Faulkner";"The Sound And The Fury"
780;"Lawrence Durrell";"The Alexandria Quartet"
781;"Robert Service";"Anthology Of Poetry"
782;;"The National Hunt Form Book"
783;"Wallace Stevens";"Collected Poetry And Prose"
784;"Carl Barks";"The Complete Carl Barks Library"
785;"C S Lewis";"Out Of The Silent Planet"
786;"P G Wodehouse";"One Of The 'blandings' Novels"
787;"James Joyce";"Portrait Of The Artist As A Young Man"
788;;"A Concise Book Of Italian Verbs"
789;;"A Set Of Books On Roman Republican And Imperial Coinage"
790;;"Grove's Dictionary Of Music And Musicians"
791;"Anthony Bourdain";"Kitchen Confidential"
792;"Hans Golombek";"Capablanca's Hundred Best Games Of Chess"
793;"Anton Chekhov";"Collected Short Stories"
794;"Jacob Bronowski";"Ascent Of Man"
795;"Alan Fletcher";"The Art Of Looking Sideways"
796;"Elly Dekker";"Globes At Greenwich"
797;"Patrick O'brien";"The Aubrey And Maturin Series 20-volume Complete Hardcover Set"
798;;"Doesn't Read Books - Needs Notepaper And Pens To Write Recipes"
799;"Delia Smith";"Complete Cookery Course"
800;"Robert Caro";"The Master Of The Senate - The Years Of Lyndon Johnson (3rd Volume)"
801;"Ludwig Wittgenstein";"Philosophical Investigations"
802;"Joseph Heller";"Catch 22"
803;;"Canoe Craft"
804;"Samuel Pepys";"The Diary Of Samuel Pepys"
805;;"Original Prayer Book Without Any Amendments"
806;"Seamus Heaney";"Lifelines"
807;"Adrian Bell";"Corduroy (his Father's First Book)"
808;"Feynman";"Quantum Electro Dynamics Physics"
809;;"Oxford Anthology Of English Verse"
810;"Thomas Hardy";"Under The Greenwood Tree"
811;"Charles Mingus";"Beneath The Underdog"
812;"Thomas Harris";"The Silence Of The Lambs"
813;"James Boswell";"The Life Of Samuel Johnson"
814;"Nicos Kazantsakis";"Christ Re-crucified"
815;"A E Houseman";"A Shropshire Lad"
816;;"Huge Tome On Fauna And Flora"
817;;"Modern Chess Openings"
818;"Dylan Thomas";"Collected Poems 1934-52"
819;"D A Warrell";"Oxford Textbook Of Medicine"
820;;"Complete Oxford English Dictionary"
821;;"Combined Dictionary And Thesaurus"
822;"Bhagwan Shree Rajneesh";"Book Of Secrets"
823;"E B White";"The Collected Works"
824;"Aldous Huxley";"The Perennial Philosophy"
825;"Samuel Beckett";"Plays And Novels"
826;;"Book With Plain Pages"
828;;"Encyclopaedia Of Natural Medicine"
829;"Gustave Flaubert";"Letters"
830;;"A Huge Copy Of The Times Atlas"
831;"Sir Douglas Bader";"Reach For The Skies"
832;"Lady Longford";"Vol 1 Of Biography Of The Duke Of Wellington - Year Of The Sword"
833;"Michael Frayne";"The Fattest Book"
834;"Alain De Botton";"Proust: Time Regained"
835;;"A Giant Photo Album Of His Four Children And Grandchildren That Goes Back Over Twenty Years."
836;"John Betjeman";"Collection Of Poems"
837;;"His Diary Which He Has Kept Since He Was 18 - To Relive Life Since 1945"
838;"George Orwell";"Collected Essays"
839;"Barbara Tuckman";"Distant Mirror"
840;"Enrico Caruso";"My Method Of Singing"
841;"Willy Messerschmitt";"Book About How To Build A Plane Out Of Palm Fronds And Coconut Fibre"
842;"Flavius Josephus";"The Complete Works"
843;"Wallace Stevens";"The Collected Works"
844;"Dr Samuel Johnson";"The Lives Of The Poets"
845;"Anthony Trollope";"The Warden"
846;;"Book On Zoology"
847;;"A Book On Celestial Navigation"
848;"James Baldwin";"Notes Of A Native Son"
849;"Shelby Foote";"History Of The American Civil War"
850;"Frances A Yates";"The Art Of Memory"
851;"Sigmund Freud";"Interpretation Of Dreams"
852;"Michael Crichton";"Any Book"
854;"Hugh Kingsmill";"The High Hill Of The Muses"
855;"Henry James";"Portrait Of A Lady"
856;;"Field Guide To His Imaginary Island"
857;"Simon Jenkins";"England's Thousand Best Churches"
858;;"The Oxford Rhyming Dictionary"
859;"John Seymour";"The Complete Book Of Self-sufficiency"
861;"John Hadfield";"A Book Of Beauty"
864;"Patrick O'brien";"Master And Commander"
865;;"Anthology Of Verse"
866;"Jorge Luis Borges";"Complete Works"
867;"Norman Lindsay";"The Magic Pudding"
868;"Frank Dalby Davison";"Dusty"
869;"Thomas Hardy";"Complete Works"
870;"E E Cummings";"Complete Book Of Poetry"
871;"R S Timmis";"Horse Management"
872;;"The Book Of Lempster (old Irish Textbook Currently In The Hague)"
873;"Richard Gregory";"Companions To The Mind"
874;"Mort Rosenslum";"Olives: The Life And Love Of A Noble Fruit"
875;"John O'donohue";"Eternal Echoes"
876;"Charles Dickens";"A Tale Of Two Cities"
877;"S J Perelman";"Crazy Like A Fox"
878;"Francis Palgrave";"Palgrave's Golden Treasury"
879;"Jose Bergua";"An Anthology Of Poetry - 'las Mil Mejores Poesia' Dela Lengua Castellana"
880;"Frederico Garcia Lorca";"Collected Poetry"
881;"William Shakespeare";"Translation In Either German, Italian Or Czech"
882;;"Bible In German"
883;;"Foreign Translation Of A Long English Novel"
884;;"Guinness Book Of Pop"
885;"Bill Bryson";"The Lost Continent"
886;"Beatrix Potter";"Collection"
887;;"Volume On Elementary Calculus"
888;"Raoul C Faure";"The Spear In The Sand"
889;"Lewis Carroll";"The Adventures Of Alice"
890;"George Lampton";"Men And Horses I Have Known"
891;"Charles Lindbergh";"The Spirit Of St Louis"
892;"John Buchan";"The Thirty-nine Steps"
894;;"Beautifully Bound Blank Book"
895;;"Blank, Lined Book"
896;"Richard Bach";"Jonathan Livingstone Seagull"
897;;"(the New) La Rousse Encyclopaedia Of Mythology"
898;"J Meade Falkner";"Moonfleet"
899;"Sir Michael Howard";"The Franco Prussian War - The German Invasion Of France 1870-1871"
900;"James Joyce";"Finnegan's Wake"
901;"Steve Johnson";"Everton - The Complete Record"
902;;"History Of Viticulture, With Instructions On How To Make Wine"
903;"Roger Scruton";"The Aesthetics Of Music"
904;;"Book On Astronomy"
905;"Ernst Bloch";"Principle Of Hope"
906;"William Blake";"The Collected Works"
907;;"Blank Sheets To Write His Thoughts On Imagination And Memory"
908;"Joseph Needham";"Science And Civilisation In China"
909;"William Wordsworth";"The Prelude"
910;"Douglas Hofstadter";"Godel, Escher, Bach"
911;"Isaac Walton";"The Complete Angler"
912;"Geoffrey Grigson";"Anthology: The English Year"
913;"A E Houseman";"The Collected Works"
914;;"Flora And Fauna Of A Tropical Desert Island"
915;;"Times Atlas Of World History"
916;;"Collection Of Landscape Pictures (with Book)"
917;"Sean O'casey";"The Collected Works"
918;"Bach";"Collected Piano Works"
919;"Edith Sitwell";"The Atlantic Book"
920;"Andrea Palladio";"Four Books Of Architecture"
921;"Aldous Huxley";"Ends And Means"
922;"Monty Python";"The Complete Monty Python Television Scripts"
923;"Ripley";"Ripley's Believe It Or Not"
924;"Percy Shelley";"Poetical Works Of Shelley"
925;"Dante Alighieri";"English Translations And Original Italian Works"
926;"Gary Larson";"Collective Cartoons"
927;"Frank J Tipler";"The Physics Of Immortality"
928;"Mirza Ghalib";"Complete Works"
929;"Lawrence Norfolk";"Lempieres' Dictionary"
930;"P C Wren";"Beau Jeste"
931;"Athol Fugard";"Unpublished Notes"
932;"Emile Massal";"Edible Plants Of The South Seas"
933;"Jean Renoir";"The Notebooks Of Captain Georges"
934;"Tammy Wynette";"Stand Your Man By"
935;"Vincent Price";"Vincent Price's Cookery Book"
936;;"Macmillan Dictionary Of Art"
937;"Omar Khayyam";"The Collected Works"
938;"Omar Khayyam";"The Rubaiyat"
939;"Walter Scott";"Ivanhoe"
940;;"Encyclopaedia Of How To Survive"
941;"Mark Twain";"Adventures Of Tom Sawyer"
942;"David Hume";"Enquiry Concerning Human Understanding And The Principles Of Morals"
943;;"His Wedding Photo Album"
944;"Salman Rushdie";"The Moor's Last Sigh"
945;"Daniel Boorstin";"The Discoverers"
946;"H G Wells";"History Of The World"
947;;"Volume Of Reproductions Of Paintings"
948;"Michel De Montaigne";"Essays"
949;;"A Self-learn Italian Book (slowly)"
951;"Bernard Cornwell";"Sharpe's Eagle"
952;"Sir Ernst Gombrich";"The Story Of Art"
953;"Brian Groombridge";"Global Biodiversity"
954;;"500 Year Ahead Calendar And Appointment Book"
955;;"A Book On How To Build A Boat"
956;;"Manual On Practical Engineering"
957;;"The New York Phone Book"
958;"Barbara Ann Kipfer";"14,000 Things To Be Happy About"
959;"William Shakespeare";"Hamlet (1897 Edition)"
960;"Pierre Teilhard De Chardin";"The Phenomenon Of Man"
961;"Marcel Proust";"Complete Works"
962;"G A Henty";"Through Russian Snows"
963;"Hoffman";"Tales"
964;"Sir Peter Meddower";"Pluto's Republic"
965;;"A Book With Pictures (of Pretty Women)"
967;;"Times Atlas Of The World"
968;;"How To Swim"
969;;"R.c.t.s. History Of Great Western Railway Engines"
970;"William Langland";"Piers Plowman (in Middle English)"
971;"Herge";"King Ottokar's Sceptre (the Adventures Of Tin Tin)"
972;"Marcel Proust";"Du Cote De Chez Swann"
973;;"A Guide To The Universe (astronomy)"
974;"Pablo Neruda";"Canto General"
975;"T H White";"The Sword In The Stone"
976;"Hewlett Johnson";"The Socialist Sixth Of The World"
977;"Dr Samuel Johnson";"Dr. Johnson's Lexicographic Works"
978;"P G Wodehouse";"The Jeeves Omnibus"
981;;"The Complete Boatbuilder's Book"
982;"Eugene Delacroix";"Journal De Eugene Delacroix"
983;"Thomas Mann";"Joseph And His Brothers"
984;"Branch Taylor";"Parting The Waters"
985;;"Apophthegmata Patrum (early Writing Of Egyptian Fathers)"
986;"Martin Gilbert";"Biography Of Churchill"
987;"John Steinbeck";"The Grapes Of Wrath"
988;;"Encyclopaedia Of The Libretti Of All The Well-known Operas"
989;"Franz Schubert";"Songs From The 1880s With Piano Accompaniment"
990;"Constance Spry";"The Cookery Book"
991;"Rudyard Kipling";"Book Of Verse"
992;;"A Chess Strategy Book (in Brail)"
993;;"Times Atlas Of The Night Sky"
994;"Mervyn Peake";"Gormenghast"
995;;"The Oxford Book Of Quotations"
996;;"The Oxford Book Of Verse, Especially 'apologia' (newman)"
997;"Lord David Cecil";"The Life Of Lord Melbourne"
998;"P G Wodehouse";"Omnibus Of Golfing Stories"
999;;"A Latin Primer"
1000;;"Dictionary Of Musical Themes"
1001;;"A Book About Warfare"
1002;"Gary Larson";"Prehistory Of The Far Side"
1003;"Ernest Hemingway";"Essential Hemingway"
1004;;"Eagle Annual"
1005;;"The Oxford Anthology Of Modern Poetry"
1006;"Rudi Blesh";"Buster Keaton Biography"
1007;"Samuel Taylor Coleridge";"The Collected Works"
1008;"Primo Levi";"If This Be A Man"
1009;"Karl Jung";"Memories, Dreams And Reflections"
1010;"Rinpoche";"Tibetan Book Of Living And Dying"
1011;"P G Wodehouse";"Mr Mulliner's Memoirs"
1012;"Patrick Moore";"An Astronomy Book"
1013;"John Betjeman";"Collected Poems"
1014;"Marion Zimmer Bradley";"The Myths Of Avalon"
1016;"Paul Kennedy";"Rise And Fall Of The Great Powers"
1017;;"Beano Annual 1974"
1018;"Gilbert White";"The Natural History Of Selborne"
1019;"Hector Berlioz";"Memoirs"
1020;"Evelyn Waugh";"Vile Bodies"
1021;;"Life Of John F Kennedy"
1022;;"Complete Cambridge Histories"
1023;"D.h. Lawrence";"Sons And Lovers"
1024;"J R R Tolkien";"The Hobbit"
1025;;"Welsh-english Dictionary"
1026;"Johann Wolfgang Goethe";"Goethe's Poems"
1027;"Aleksandr Pushkin";"Works, Prose And Verse"
1028;"Anthony Powell";"Valley Of Bones"
1029;"James Thurber";"Selected Works"
1030;;"Anthology Of Russian, American English Stories"
1031;"Raymond Chandler";"Lady In The Lake"
1032;"Anthony Trollope";"The Small House At Allington"
1033;;"A Gardening Book"
1034;"Gorden Kaye";"This Is Your Life"
1035;;"Bound Volumes Of The Engineer Magazine"
1037;;"1515-1985 British Music Theatre Book"
1038;"William Blake";"Songs Of Innocence And Experience"
1039;;"Dictonary Of English Quotations"
1040;"Jonathan Swift";"Gulliver's Travels"
1041;"Iqbal";"Bang-e Dara"
1042;"Andre Malraux";"The Voices Of Silence"
1043;"Thomas Mann";"Dr. Faustus"
1044;"Anthony Trollope";"They Way We Live Now"
1045;"Robert Burns";"The Collected Works"
1046;"James Stephens";"The Crock Of Gold"
1047;"Fernand Point";"Ma Gastronomie"
1048;;"Anthology Of Poems"
1049;"Marcel Proust";"A Title In French"
1050;"C S Lewis";"Sagittarius Surviving"
1051;;"Book Of Modern Poetry"
1052;"J B Priestley";"Collected Plays"
1054;"Paul Scott";"Raj Quartet"
1055;"Judi Dench";"A Talking Book"
1056;;"A Book Of Greek Poetry"
1057;"Richard Rorty";"Contingency, Irony Solidarity"
1058;"Donal O'sullivan";"The Life Times And Music Of An Irish Harper"
1059;;"A Tropical Plant Book In Italian With English Gloss"
1061;"John Le Carre";"Smiley's People"
1062;"Charles Dickens";"Mystery Of Edwin Drood"
1065;;"Books Identifying Birds And Fish"
1066;"Saint Augustine";"City Of God"
1067;"Hermann Hesse";"Reflections"
1068;"Sir David Napley";"Great Murder Trials Of 20th Century"
1069;"Robert Graves";"Anthology Of Verse"
1070;"Bernard Maclaverty";"Short Stories"
1071;"Asimov";"Guide To Science"
1072;;"1946 Wisden Almanack For Cricketers"
1073;"Prigogine";"Non-equilibrium Thermo Dynamics"
1074;"Raine Maria Rilke";"Collected Poems"
1075;"Benny Green";"Let's Face The Music"
1076;"Ronald Blythe";"Akenfield"
1077;"Alison Plowman";"Caroline And Charlotte"
1078;;"Encyclopaedia Of Species Of Fish Of The World"
1079;"Victor Gollancz";"A Year Of Grace"
1080;"Sid Chaplin";"Smell Of Sunday Dinner"
1081;"Peter Matthiessen";"At Play In The Fields Of The Lord"
1082;"Wilkie Collins";"The Moonstone"
1084;"Caryl Brahms";"No Bed For Bacon"
1085;;"Teach Yourself Japanese Phrase Book"
1086;"Guy De Maupassant";"Short Stories"
1088;"Jacob Burckhardt";"History Of The Renaissance"
1089;"Capability Brown";"A Title"
1090;;"Old Testament In Hebrew Greek"
1091;"Karl Marx";"Das Kapital"
1092;;"Volume Of The Works Of The Impressionist Painters"
1093;"Richard Aldington";"A Dream In The Luxembourg"
1094;"Alistair Fraser";"Fraser's Horse Book"
1095;"James Thurber";"A Volume"
1096;"Lord Byron";"Don Juan"
1097;"Billy Connolly";"Collected Scripts"
1098;;"Two Photographs (one Of Wife; One Of 1928 Blackburn Rovers Team)"
1099;"Virgil";"The Collected Works"
1100;"John Foxe";"Book Of Martyrs"
1101;;"The Guinness Book Of Records"
1102;;"His Own Anthology Of Poems"
1103;"Benny Green";"A Compilation"
1104;;"The Oxford Book Of Twentieth-century Verse (selected By Philip Larkin)"
1105;;"Opera Di M. Bartolomeo Scappi (recipe Book Of Pope's Chef In 1525)"
1106;;"The Biggest Value Of Pure Maths"
1107;"P G Wodehouse";"Uncle Fred In Springtime"
1108;"R H Tawney";"Essays On Equality"
1109;"P J O'rourke";"Republican Party Reptile"
1110;"Homer";"The Works"
1111;"W A Poucher";"The Lakeland Peaks (photographs)"
1112;"Peter Wright";"Spycatcher"
1113;"William Hazlitt";"Collected Essays"
1114;"Dr Samuel Johnson";"The Dictionary"
1115;;"The Dictionary Of Trees And Shrubs"
1116;"Walter Scott";"The Antiquary"
1117;;"Blank Sketchbook Or Journal"
1118;;"Compiled Anthology Of English Poetry"
1119;"J B Priestley";"The Complete Works"
1120;"Curnonsky";"Cuisine Et Vins De France"
1121;;"The Michelin Guide To France"
1122;"Robert Bontine Cunninghame Graham";"A Vanished Arcadia"
1123;"Ferdinand Ossendowski";"Beasts, Men And Gods"
1125;;"A Book On Plato"
1126;"Jim Swanton";"Barclays World Of Cricket"
1127;"Hugh Johnson";"Pocket Wine Book 1987"
1128;"Elizabeth David";"An Omelette And A Glass Of Wine"
1130;;"A Cricketing Almanac"
1132;"Fyodor Dostoyevsky";"Crime Punishment"
1133;"Leonardo Da Vinci";"The Complete Works"
1134;"H G Wells";"A Quartet Of Comedies"
1135;"Thomas Wolfe";"Look Homeward, Angel"
1136;"Robert Graves";"Collected Poetry"
1137;;"Book On Flora Fauna On The Island"
1138;;"Handbook Of Physics"
1139;;"Boy Scout Manual"
1140;"H G Wells";"Anthology Including The History Of Mr Polly"
1141;"H E Bates";"The Modern Short Story"
1142;"Louis-ferdinand Celine";"Death On The Installment Plan"
1143;;"The Good Food Guide"
1144;"Arthur Pink";"Commentary On The Bible"
1145;"E.m Forster";"Works"
1146;"Ruth Prawer Jhabvala";"Works"
1147;"Anne Rice";"Interview With A Vampire"
1148;;"Webster's International Dictionary"
1149;;"The Exchange Mart"
1150;;"Cricket Annuals: 1920 Onwards"
1151;"J P Donleavy";"The Destinies Of Darcy Dancer, Gentleman"
1152;;"Joke Book"
1153;"A C Bradley";"Shakespearean Tragedy"
1155;"Sir Arthur Conan Doyle";"A Number Of Sherlock Holmes Novels"
1156;;"Mail Order Catalogue"
1157;;"Partridge's Dictionary Of Slang"
1158;;"Manual On How To Swim"
1159;"Joseph Campbell";"The Hero With The Thousand Faces"
1160;"Frederick Bodmer";"The Loom Of Language"
1162;;"Blank Pages"
1163;"Endre Ady";"Collected Poems"
1164;;"The Oxford Companion To English Literature"
1165;"Benny Green";"The Wisden Anthology Of Cricket"
1166;"R G Collingwood";"The Principles Of Art"
1167;"P G Wodehouse";"Collection Of Jeeves Wooster Stories"
1168;;"Set Of Wisden Almanack"
1169;;"A Book Of Quotations"
1170;"Connie Clausen";"I Love You, Honey, But The Season's Over"
1171;;"11th Edition Of Encyclopaedia Britannica"
1172;"G.k. Chesterton";"Anthology"
1173;"James Herriot";"Omnibus Of Books"
1174;"James Boswell";"A Journal Of A Tour To The Hebrides"
1175;"Moliere";"Complete Plays"
1176;;"Book On Pure Mathematics"
1177;"Paul Brunton";"The Inner Reality"
1178;"Auguste Rodin";"The Cathedrals Of France"
1179;"Esther Meynell";"La Petite Chronique D'anna Magdalena Bach"
1180;;"Complete Webster's English Dictionary"
1181;"Louis Saulnier";"Le Repertoire De La Cuisine"
1182;;"One Year Of Issues Of The Times"
1183;"Gerard Manley Hopkins";"Poetry"
1184;"Duke Ellington";"Music Is My Mistress"
1186;;"Diary"
1187;;"Compendium Of Wines"
1188;"Dave Brubeck";"Musical Arrangements"
1189;"William Blake";"The Complete Works"
1190;;"Phone Book"
1192;;"The New Grove Dictionary Of Music Musicians"
1193;"John Keats";"Letters"
1194;"Mortimer J Adler";"Great Treasury Of Western Thought"
1195;;"Book Of Quotations"
1196;"George Bernard Shaw";"Political Works And Music Criticism"
1197;"Italo Calvino";"If On A Winter's Night A Traveller"
1198;"Evelyn Waugh";"Brideshead Revisited (in Greek)"
1199;;"Scrapbook Of Poetry"
1200;;"A Year's Supply Of The Exchange Mart"
1201;"Flann O'brien";"The Complete Works"
1202;"E F Benson";"Lucia Novels"
1203;;"Collection Of 16th And 17th Century English Poetry"
1204;"Geoffrey Chaucer";"The Complete Works"
1205;"E.m Forster";"A Book"
1206;"Louis Bruggeman";"Tropical Plants And Their Cultivation"
1207;"John Julius Norwich";"Britain's Heritage"
1208;"Laurie Lee";"I Can't Stay Long"
1209;"Beethoven";"Letters"
1210;;"Colour Reproduction Of Renaissance Artists"
1211;;"The Admiralty Seamanship Manual"
1212;"A E Ellis";"The Rack"
1213;"Giorgio Vasari";"Lives Of The Artists"
1214;"Jan Morris";"Pax Britannica"
1215;"Tom Sharpe";"The Throwback"
1216;;"The Methodist Hymn Book"
1217;"Edmond Goncourt";"Journal"
1218;"Julia Childs";"Cookery Book"
1219;;"Comprehensive World Airways Timetable"
1220;"Sir Banister Fletcher";"A History Of Architecture On The Comparative Method"
1221;"William Shakespeare";"The Collected Works"
1222;;"Pear's Cyclopaedia"
1223;"Sir Anton Dolin";"Friends And Memories"
1224;;"Field Guide To The Birds Of The Island"
1225;"Beethoven";"Piano Sonatas"
1227;;"Anthology Of Humour"
1228;"Jeremy Taylor";"Holy Living And Holy Dying"
1229;;"Personally Compiled Anthology"
1230;"Linda Mccartney";"Linda's Pictures"
1232;;"Crossword Puzzles And Pencils"
1233;;"Piano Manual"
1234;"Lord Tennyson";"Complete Works"
1235;;"Book With Blank Cork Pages"
1236;;"Gardening Manual"
1237;;"Books About Gardening, Painting And Boat Handling"
1238;"Vladimir Nabokov";"Ada"
1240;"Dr Samuel Johnson";"Writings"
1241;"Wilbur Smith";"Eagle In The Sky"
1242;"Emily Dickinson";"The Complete Works"
1243;"Martin Ross";"Experiences Of An Irish Rm"
1244;;"History Of Orient Football Club"
1245;"James Clavell";"Nobel House"
1246;;"Boy Scout Hand Book"
1247;"John Donne";"Meditations Upon Our Human Condition"
1248;"Arianna Stassinopoulos";"Maria"
1249;"T C Mcluhan";"Touch The Earth"
1250;"Bernard Darwin";"The World That Fred Made"
1251;"Louis Untermeyer";"Collin's Albatross Book Of Verse"
1252;"Pauline Reage";"The Story Of O"
1253;"Ernest Hemingway";"Collected Works"
1254;"Robert Louis Stevenson";"As Many Works As Possible"
1255;;"Times Concise Atlas"
1256;"E T Whittaker";"A History Of Craven"
1257;"James Agate";"Ego"
1258;"Sir Winston Churchill";"Collected Speeches"
1259;"Fred Uhlman";"Reunion"
1260;"James Clavell";"Shogun"
1261;;"Golf Instruction Book"
1262;"David Attenborough";"Life On Earth"
1263;"Rabindranath Tagore";"Poems"
1264;"A S Neill";"Summerhill"
1265;"John Scarne";"Card Games"
1266;"Yokoi";"The Golden Man"
1268;;"Modern Wooden Yacht Construction"
1269;"Alban Butler";"Lives Of The Saints"
1270;"Carl Sandburg";"Abraham Lincoln"
1271;"John Wyndham";"Novels"
1272;;"Teach Yourself Mathematics"
1273;;"1001 Gems Of English Poetry"
1274;"Alan Watts";"The Wisdom Of Insecurity"
1275;"Stanley Dance";"The World Of Duke Ellington"
1276;"Roger Martin Du Gard";"Les Thibault"
1277;"P G Wodehouse";"Three Early Novels"
1278;;"Elizabethan Lyrics From Songbooks And Dramatists"
1279;"Thomas Mallory";"Le Morte D'arthur"
1280;"Otto Preminger";"Autobiography"
1281;;"Scrapbook"
1282;;"Baha'i Prayer Book"
1283;"Jorge Luis Borges";"Labyrinths"
1284;"Helen Gardner";"The New Oxford Book Of English Verse"
1285;"Cyril Connolly";"The Unquiet Grave"
1286;;"His Diaries To Date"
1287;"P G Wodehouse";"The World Of Jeeves"
1288;"Yuarroros";"The Poetry"
1289;"Henry James";"Novels"
1290;"Colette";"Earthly Paradise"
1291;"Leslie Greenwood";"Flowers Of The World"
1292;"Ed Mcbain";"Streets Of Gold"
1293;;"His Visitors' Book"
1295;"George Meredith";"The Egoist"
1296;"Evelyn Waugh";"Selection Of Novels"
1297;"John Bunyan";"Pilgrim's Progress"
1298;"Alistair Maclean";"Where Eagles Dare"
1300;;"The National Dictionary Of Biography"
1301;"Raymond Chandler";"The Collected Works"
1302;"Idris Shah";"Collected Stories"
1304;;"Volume On Boat Building For Beginners"
1307;"Anna Sewell";"Black Beauty"
1308;"Charles Montagu Doughty";"Travels In The Arabian Desert"
1309;;"Set Of The Shell County Guides"
1310;"Hart Crane";"Poetry"
1311;"Emmanuel Kant";"Book On Philosophy"
1312;"Harold Macmillan";"Memoirs"
1313;"Stendhal";"The Charterhouse Of Parma"
1314;"Lord Byron";"The Complete Works"
1315;"Nevil Shute";"Trustee From The Toolroom"
1316;;"Book On Claude Monet"
1317;"George Bernard Shaw";"Music Criticisms 1888-89"
1318;"Voltaire";"Correspondence"
1319;;"Instrument-making"
1321;"Alvin Toffler";"Future Shock"
1322;;"Shorthand Instruction Book With Paper And Pens"
1323;"Guiseppe Verdi";"Letters"
1324;"William Gurney Benham";"Book Of Quotations"
1325;;"Blank Paper And Pencils"
1326;;"Book On Elementary Calculus"
1327;;"Atlas Of The Stars"
1328;;"Study Book Of Six Languages"
1329;"Pierre Louys";"Les Chansons De Bilitis"
1330;"Rudyard Kipling";"Collected Poetry"
1331;"Carl Giles";"Giles Cartoons"
1332;"W W Jacobs";"Stories"
1333;;"Comprehensive Book On Birds"
1334;;"British Army Survival Manual"
1335;;"The Boys' Own Annual For 1926"
1336;;"Large Blank Book With Pencils"
1337;;"Volume On Tropical Flora And Fauna"
1338;"Werner H Erhard";"Transcript Of The Erhard Seminar Training Course"
1339;"Charles Groves";"Grove's Dictionary Of Music And Musicians"
1340;;"Complete Book Of World Cookery"
1341;;"A Book About The Night Sky"
1342;"Dylan Thomas";"Under Milk Wood"
1343;;"Compendium Of World Philosophy"
1344;"Richard Jefferies";"Bevis: The Story Of A Boy"
1345;"Edward Lear";"The Complete Works"
1346;"Rudyard Kipling";"The Complete Works"
1347;"Baha' I Allah";"The Baha'i Revelation"
1348;"Mikhail Lermontov";"A Hero Of Our Time"
1349;"J L Carr";"The Harploe Report"
1350;"Francois-rene Vicomte De Chateaubriand";"Memoirs D'outre-tombe"
1351;;"English-spanish Dictionary"
1352;;"The Form Book"
1353;"Voltaire";"Candide"
1354;;"Poetry From Around The World"
1355;"Saunders Lewis";"The Complete Works"
1356;;"Film Directory"
1357;;"Gardeners' Yearbook"
1358;"George Macdonald Fraser";"Diary Of An Old Soul"
1359;;"The Art Of Modern French Cooking"
1360;"August Strindberg";"The Lyric Dramas Of Strindberg"
1362;"Erskine Childers";"The Riddle Of The Sands"
1363;"Hermann Bessmann";"The Best Of"
1364;;"Anthology Of English Poetry From 1400"
1365;"James Jones";"From Here To Eternity"
1367;;"Twenty-five Years Of New Yorker Cartoons"
1369;"Charles Baudelaire";"Les Fleurs Du Mal"
1370;"Hilaire Belloc";"The Collected Works"
1371;;"A Book On The Musical Plays Of The Last Century"
1372;;"Ontological Argument From St Anselm To Contempory Philosphers"
1373;;"Street Map Of London"
1374;"Nevil Shute";"Beyond The Black Stump"
1375;;"Russian Grammar"
1376;;"The Most Recent Publication Of Veterinary Medicine"
1377;"Oscar Wilde";"Ballard Of Reading Gaol"
1378;"Paul Klee";"The Seeing Eye"
1379;"Paul Klee";"The Nature Of Nature"
1380;;"Rhyming Dictionary"
1381;"John Henry Cardinal Newman";"Collected Sermons"
1382;"William Robinson";"The English Flower Garden"
1383;"Robert Browning";"The Collected Works"
1384;"Harold Robbins";"The Adventurers"
1385;"John Hillaby";"Journey Through Britain"
1386;;"Crossword Book"
1387;"Axel Munthe";"Story Of San Michele"
1388;"Walt Kelly";"Pogo Comic Strips"
1389;;"Work On Botany"
1390;"Karlheinz Stockhausen";"The Score Of Gruppen"
1391;"Edward Thomas";"Collected Poems"
1392;"Auguste Escoffier";"Ma Cuisine"
1393;"R S Surtees";"Mr Sponge's Sporting Tour"
1394;;"Men And Animals, A Book In Italian"
1395;"Ernest Hemingway";"Volume Of Short Stories"
1396;"Brigid Brophy";"The Adventures Of God In Search Of The Black Girl"
1397;"W. Somerset Maugham";"Short Stories"
1398;"Rudyard Kipling";"Puck Of Pook's Hill"
1399;;"Collection Of Welsh Poetry"
1400;"Sheridan Le Fanu";"The House The Churchyard By"
1401;;"Biography Of Leonardo Da Vinci"
1402;"James Fisher";"Funny Way To Be A Hero"
1403;;"Bradshaw's Railway Timetable"
1404;;"Volume Of Crossword Puzzles"
1405;"Burke";"Landed Gentry"
1406;"Roland Holst";"Poetry"
1407;;"Volume On Chess Championship Play"
1408;"Mark Van Doren";"Anthology Of World Poetry"
1409;;"Bound Volume Of Punch From The 1960s"
1410;;"Timetable Of Passing Steamers"
1411;;"Transcript Of The Watergate Hearings"
1412;"P G Wodehouse";"Short Stories"
1413;;"Penguin Book Of Quotations"
1414;;"Blank Paper And A Typewriter"
1415;"W. Somerset Maugham";"Short Stories Of Somerset Maugham"
1416;;"History Of Mankind"
1417;"Henri Charriere";"Papillon"
1419;"Gustave Kobbe";"Complete Opera Book"
1420;"Leslie Thomas";"The Virgin Soldiers"
1421;;"Language Courses"
1422;"George Bernard Shaw";"Prefaces"
1423;"Harvey Allen";"Anthony Adverse"
1424;;"Book On Plant Genetics"
1425;;"Work On Astronomy"
1426;"Bach";"48 Preludes And Fugues"
1427;;"Encyclopaedia Of Gardening"
1428;"Leonide Massine";"The Theory Of Choreography"
1429;"Emlyn Williams";"The Corn Is Green"
1430;"Robertson Hare";"Yours Indubitably"
1431;;"His Own Autobiography"
1432;"Stanley Elliott";"The European Settlement Of North America"
1433;"Ernest Hemingway";"Death In The Afternoon"
1434;"Floyd Carter";"Route 69"
1435;;"Encyclopaedia Of Ancient Civilisations"
1436;"A.a. Milne";"The House At Pooh Corner"
1437;"Franz Schubert";"Lieder"
1438;"Sir Winston Churchill";"Autobiography"
1439;"Georgette Heyer";"Novels"
1440;"Phyllis Thompson";"London Sparrow"
1441;;"Any One From His Library"
1442;;"Back Numbers Of The Reader's Digest"
1443;;"Set Of Wisden"
1444;"Peter Daubeny";"My World Of Theatre"
1445;;"The Spotlight Casting Directory"
1446;"John Donne";"Poems"
1447;"George Herbert";"Poems"
1448;;"A Selection To Sample"
1449;"Agatha Christie";"Novels"
1450;;"Book On Tropical Plants"
1451;"Henry David Thoreau";"Walden"
1452;"Charles Dickens";"A Christmas Carol"
1453;"Sir Thomas Browne";"Religio Medici"
1454;"Terry Thomas";"Filling The Gap"
1455;"Beatrix Potter";"Collected Works"
1456;"Konstantin Stanislavsky";"My Life In Art"
1457;"Cecil Taur";"Small Talk At Wrayland"
1458;"Colonel Dodge";"Hannibal"
1459;"Prosper Montagne";"Larousse Gastronomique"
1460;;"A Naturalist's Guide"
1461;"E T Whittaker";"A Course Of Modern Analysis"
1462;;"A Big Anthology"
1463;;"General Semantics"
1464;;"Dictionary Of Word And Phrase"
1465;;"Do-it-yourself Book"
1466;"Viscount Montgomery Of Alamein";"The History Of Warfare"
1467;;"Royal Horticultural Society Dictionary"
1468;;"Study Of Psychology"
1469;"W Macqueen-pope";"Gaiety, Theatre Of Enchantment"
1470;"Richard Jefferies";"The Story Of My Heart"
1471;;"Teach-yourself Encyclopaedia"
1472;"Ernest Bramah";"The Wallet Of Kai Lung"
1473;"John Skow";"Survey Of London (1598)"
1474;"Walt Whitman";"Leaves Of Grass"
1475;;"Airways Timetable"
1476;"Fyodor Dostoyevsky";"The Idiot"
1477;;"History Of England"
1478;;"Volume On Mathematical Logic"
1479;;"Paperback Detective Stories"
1480;"Charlie Chaplin";"My Autobiography"
1481;;"Anthology Of Modern British Poetry"
1482;"Mary Baker Eddy";"Books"
1483;"Henry Longhurst";"Books"
1484;"Jane Austen";"Novels"
1485;"St Francis Of Assisi";"The Mirror Of Perfection - The Praise Of Created Things"
1486;;"Manuals To Learn Foreign Languages"
1487;;"Copy Of Wisden That Records His First Tour Of Australia"
1488;"Sir Winston Churchill";"The Collected Works"
1489;"Saki";"Report To Greco"
1490;"Ivor De Wolfe";"Italian Townscape"
1491;"Ernest Bramah";"Books"
1492;;"Persian Dictionary"
1493;"James Michener";"The Source"
1494;"Jacques Paul Migne";"Patrologiae Curses Completus (221 Volumes)"
1495;"Dante Alighieri";"Works"
1496;"Henry Mancini";"Sounds And Scores"
1497;;"Advanced Book On Building Small Boats"
1498;"Cyril Connolly";"Complete Set Of Horizon"
1499;"Lupino Lane";"How To Be A Comedian"
1500;"W. Somerset Maugham";"Cakes And Ale"
1501;"W. Somerset Maugham";"The Razor's Edge"
1502;"W. Somerset Maugham";"The Circle"
1503;"William Warren Bartley";"Philosophic Works"
1504;"Geoffrey Godden";"Illustrated Encyclopaedia Of Pottery And Porcelain"
1505;"Plato";"Republic"
1506;"Ralph Edwards";"Dictionary Of English Furniture"
1507;"Damon Runyon";"Short Stories"
1508;"Dale Carnegie";"How To Win Friends And Influence People"
1509;"Charles Lamb";"The Essays Of Elia"
1510;"Nigel Dennis";"Cards Of Identity"
1511;;"Textbook On Advanced Mechanical Engineering"
1512;"Homer";"Collected Works"
1513;"E.m Forster";"His Favourite Novels"
1514;"Damon Runyon";"Collected Short Stories"
1515;"Robert Louis Stevenson";"Virginibus Puerisque"
1516;;"Press-cutting Albums"
1517;"Robert Burns";"Songs And Poems"
1518;"Hamilton";"Arts And Crafts Of The Maori People"
1519;;"Pear's Cyclopaedia"
1520;"Anthony Trollope";"The Duke's Children"
1521;;"Italian Language Course"
1522;"Soren Kierkegaard";"Journal"
1524;;"Manual Of Orchestration"
1525;;"Volume Of Reproductions Of Works By Dutch Painters"
1526;"T S Eliot";"Collected Works"
1527;"G E M Skues";"The Way Of A Trout With A Fly"
1528;;"Field Guide To Flora And Fauna On The Island"
1529;;"The Best Of Beachcomber"
1530;"Harold Robbins";"The Carpetbaggers"
1531;;"The Cambridge Natural History"
1532;;"Anthology Of 16th, 17th And 18th-century Poetry"
1533;"Charles Dickens";"Anthology"
1534;"Charles Dickens";"His Favourite Novels"
1535;"Arthur Waley";"Lady Muraski's The Tale Of Gengi"
1536;;"Webster's Dictionary"
1537;"James Back";"The Life Of Robert Burns"
1538;;"Think And Grow Rich And I'll Teach You Personality"
1539;"Matthew Henry";"Bible Commentary"
1540;"Charles Dickens";"His Favourite Works"
1541;"P G Wodehouse";"Golfing Stories"
1542;"Rabindranath Tagore";"Gitanjali"
1543;"G.k. Chesterton";"The Collected Works"
1545;"Evelyn Waugh";"Omnibus"
1546;"Thomas Merton";"Elected Science"
1547;"Eric Partridge";"A Dictionary Of Origins"
1548;"William Douglas-home";"Collected Plays"
1549;"F A Hornibrook";"The Culture Of The Abdomen: A Cure Of Obesity And Constipation"
1550;"John Bratby";"Breakdown"
1551;;"Navigational Manual"
1552;"E Boden";"Black's Veterinary Dictionary"
1553;"Roy Macgregor-hastie";"The Day Of The Lion"
1554;;"Omnibus Edition Of Surtees"
1555;"J B Priestley";"Margin Released"
1556;"Plutarch";"Lives"
1557;"Andre Maurois";"The Life Of Disraeli"
1558;;"A Hundred-and-one Things A Girl Can Do"
1559;;"Story Of The Marx Brothers"
1560;"Jim Clark";"At The Wheel"
1561;;"Biography Of Mahatma Gandhi"
1563;;"Volume Of Illustrations Of The English Countryside"
1564;"Louis Mumford";"Techniques And Civilization"
1565;;"Gray's Anatomy"
1566;;"Book About Sea Birds And Waders"
1567;;"The Norton Star Atlas"
1568;"Limberg";"The Ship"
1569;"Henry Williamson";"Tarka The Otter"
1570;;"Breviary"
1571;;"Le Petit Larousse Illustre"
1572;"Dorothy L Sayers";"Busman's Honeymoon"
1573;;"Volumes Of The Illustrated London News"
1575;;"Anthology Of 20th Century Verse"
1576;;"Selection Of Personal Letters"
1577;"Robert Burton";"The Anatomy Of Melancholy"
1578;"Max Gluckman";"Work On Anthropology"
1579;;"Everyman's Encyclopaedia"
1580;"Harold Barlow";"Dictionary Of Musical Themes"
1581;;"Telephone Directory"
1582;;"Instructions For Making A Still"
1583;;"Gardening Encyclopaedia"
1584;"Charles Dickens";"The Old Curiosity Shop"
1585;"H W Janson";"History Of Art"
1586;"Horace Vachell";"Quinneys"
1587;"Richard Wagner";"The Ring Cycle (the Score)"
1588;;"His Autobiography, Seventy Years A Showman"
1589;"Ford Madox Ford";"Ladies Whose Bright Eyes"
1591;"Naomi Mitchison";"The Corn King And The Spring Queen"
1592;"Frederick Marryat";"Masterman Ready"
1593;"Sophocles";"Collected Works In Greek"
1594;"Thomas Carlyle";"The French Revolution"
1595;;"English Grammar"
1596;"H Rider Haggard";"Books"
1597;"Jules Verne";"Books"
1598;;"A History Of Wales"
1599;;"Chambers' Encyclopaedia"
1600;"P G Wodehouse";"Some Novels"
1601;"H L Mencken";"Chrestomathy"
1602;;"Field Guide To The Island's Birds"
1603;;"Chinese Language Course"
1604;;"The Rules Of Patience"
1605;"O Henry";"Short Stories"
1606;;"The Rudiments Of Several Useful Languages"
1607;"Ivan Goncharov";"Oblomov"
1608;;"Large Blank Book"
1609;;"English Lyrics"
1610;;"Science For The Citizen"
1611;"Victoria Sackville-west";"Another World Than This"
1612;"Theodore Dreiser";"An American Tragedy"
1613;;"Large Anthology Of Poetry"
1614;"Walter De La Mare";"Memoirs Of A Midget"
1615;;"Pictures Of The English Countryside"
1616;"Thomas Erskine-may";"Parliamentary Practice"
1617;"Robert Frost";"Collected Poetry"
1618;;"Everybody's Handbook For Survival On A Desert Island"
1619;;"International Timetable Of Ships And Trains"
1620;"James Hilton";"Goodbye Mr Chips"
1621;"Aldous Huxley";"Brave New World"
1622;"Leonardo Da Vinci";"The Drawings"
1623;"D.h. Lawrence";"Lady Chatterley's Lover"
1624;;"Horse And Hound"
1626;"Leslie Charteris";"The Saint"
1627;"George Macdonald";"Phantastes"
1628;;"Manual Of Astronomy"
1629;"Honore De Balzac";"Droll Stories"
1630;"Thomas Macaulay";"Critical And Historical Essays"
1631;;"Piano Tutor"
1632;"Johann Wolfgang Goethe";"Works"
1633;;"Book On Musical Theory And Composition"
1634;;"How To Play Your Best Golf All The Time"
1635;"Claude M Bristol";"The Magic Of Believing"
1636;"Charles Dickens";"Novels"
1637;;"Volume Of Short Stories"
1638;"Tamara Karsavina";"Theatre Street"
1639;"C.s. Forester";"Omnibus Edition Of Hornblower Stories"
1640;;"Jane's All The World's Aircraft"
1641;;"Do-it-yourself Boat-building Book"
1642;;"Nautical Almanac"
1643;"Edward Lear";"Nonsense Rhymes"
1644;;"Book On Tropical Birds"
1645;"Sir Arthur Eddington";"The Nature Of The Physical World"
1646;"Homer";"Original Greek Works"
1647;;"Book On One Of The World's Philosophies"
1648;"Edith Sitwell";"Anthology Of English Verse"
1649;;"Two Historical Novels"
1650;;"Collection Of Language Courses"
1651;"Edward Fitzgerald";"The Rubaiyat Of Omar Khayyam"
1652;;"History Of Cricket"
1653;"Giovannino Guareschi";"The Little World Of Don Camillo"
1654;"Leslie Baily";"The Gilbert Sullivan Book"
1655;;"London Telephone Directory"
1656;"Plato";"Work"
1657;"Burton Egbert Stevenson";"Book Of Quotations"
1658;"Isaac Newton";"Optics"
1659;;"Anthology Of Poetry, Some In French And German"
1660;"Alan Paton";"Cry, The Beloved Country"
1661;"W. Somerset Maugham";"Collected Short Stories"
1662;;"Gardening Dictionary"
1663;;"Back Numbers Of Motor Magazines"
1664;"H. L. Overstreet";"The Mature Mind"
1665;;"Ruff's Guide To The Turf"
