1;|N/A|
2;|An Artist's Workshop|
3;|Her Favourite Blue Jersey|
4;|An Endless Supply Of Pen And Paper.|
5;|My Clarinet|
6;|Endless Supply Of Leaf Tea, Teapot, Mug And Semi Skimmed Milk.|
7;|Sex And The City Dvd Box Set|
8;|A Torch|
9;|Tweezers|
10;|A Bespoke Statue Of Archbishop Desmond Tutu|
11;|Cappuccino Maker|
12;|Paper, Pen And Watercolours To Record The Plant Life On The Island|
13;|A Solar-powered Digital Photo Album|
14;|Flute|
15;|Mosquito Repellent|
16;|Paints And Paper|
17;|Her Entire Outfit Including Her Andrew Logan Brooch|
18;|Hot Water Bottle|
19;|A Bronze Sculpture By Giles Penny|
20;|A Solar Powered Word Processor|
21;|A Cut Glass Crystal Chandelier With Candles.|
22;|Eau De Soir Perfume By Sisley|
23;|Omamori Gohonzon|
24;|The War Memorial Outside Euston Station|
25;|Extra Virgin Oil|
26;|A Photo Album Of All My Family|
27;|Life-size Laminated Photo Of James Caan From Dragons' Den|
28;|Cyanide Pill|
29;|Pen And Paper|
30;|Grand Piano And A Stool|
31;|Mother And Child By Henry Moore|
32;|Shotgun|
33;|Shiny White Paper And Felt Pens|
34;|A Saucepan - Heavy Bottomed With A Removable Handle|
35;|A Telescope|
36;|A Scrabble Board|
37;|The Elgin Marbles|
38;|A Set Of Different Fragrances From The People I Love'|
39;|A Luxurious Bathroom|
40;|A Piano|
41;|A Fluffy Purple Worm (which Has Been Taken Everywhere)|
42;|An Abundance Of Paper And Pencils|
43;|Yellow Lamborghini|
44;|Ink And A Pen|
45;|Wise Potato Chips|
46;|A Bath|
47;|A Lot Of Paper And Pencils|
48;|A Rose Bush|
49;|Notebook And Pens|
50;|A Private Screening Room With Movies|
51;|A Flush Toilet|
52;|A Jar Of Hellman's Mayonnaise|
53;|Strings And Strings Of False Pearls|
54;|Typewriter And Paper|
55;|Lots Of Champagne And Pistachio Nuts|
56;|The Crown Jewels|
57;|A Nice Bed With Comfortable Mattress, Sheets Mosquito Net.|
58;|Suncream|
59;|An Open-air Cinema With A Selection Of Films|
60;|A Complete Artist's Set|
61;|Pens And Paper|
62;|Old-fashioned Diary With Pens|
63;|My Own Pillow|
64;|A Bumper Book Of Suduko With Blank Pages Pens|
65;|Cinema Organ|
66;|Large Supply Of Pencils And Pens|
67;|A Barrel Of Guerlain Jicky Perfume|
68;|A Huge Basket Of Fruit|
69;|My Life For The Next Thirty Years|
70;|Video Camera And Film|
71;|Specially-commissioned John Ward Painting Of Family Friends|
72;|A Church Organ|
73;|A Bar Of Soap|
74;|Vault Of A Very Good White Wine|
75;|Cristal Champagne|
76;|Her Grand Piano|
77;|Family Photographs|
78;|A Yoyo|
79;|An Endless Supply Of Tissues|
80;|Piano|
81;|A Snorkel And Polaroids|
82;|Eye Lash Curler|
83;|Ink, Pen, Paper And Correction Fluid|
84;|Continuous Supply Of Very Cold Dry White Wine|
85;|Pc Linked To The Internet|
86;|Bbc Computer|
87;|Large Supply Of Chocolate|
88;|A Wine Cellar From All Soul's, Oxford|
89;|Coffee|
90;|A Fairground Carousel|
91;|Karaoke Machine|
92;|A Huge Bed|
93;|An Ice Cream Maker|
94;|Modelling Clay And Tools|
95;|Photo Album Of My Family|
96;|A Machine To Distil Whatever Is There|
97;|Negligee|
98;|Olive Oil|
99;|Solar-powered Shower|
100;|Fragrant Body Cream|
101;|A Pen Which Would Never Run Out|
102;|An Enormous Amount Of Garlic With A Garlic Press|
103;|Nightdress Made Of Pure White Cotton|
104;|Language Tapes To Learn Italian And Swahali|
105;|Writing Materials|
106;|Her Own Bed|
107;|Yes Minister And Yes Prime Minister Videos|
108;|Ipod|
109;|Bath With Soap And Towels|
110;|A Cup Of Jasmine Tea|
111;|Pencils And Thick Paper To Write And Draw On|
112;|Chaise Longue With A Mosquito Net Attached|
113;|A Karaoke Machine|
114;|A Library|
116;|Liquid Temazepam "...to Give Me The Possibility Of A Very Pleasant Exit"|
117;|Bag Of Eye Make-up, Especially Mascara|
118;|Family Photograph Album|
119;|A Huge Vat Of Culpepers Rose Geranium Bath Salts|
120;|A Pair Of Mules By Christian Louboutin|
121;|A Solar-powered Vibrator|
122;|Recordings Of Her Daughter And "her Love" Reading Self-written Stories And Poetry|
123;|An Endless Supply Of Notebooks And Pens|
124;|A Big Hat With A Lot Of Muslin|
125;|Pencils And Paper|
126;|Claret|
127;|The Perfume Knowing By Estee Lauder|
128;|Perfume|
129;|Van Gogh's Irises|
130;|An Orange Tree|
131;|Tapestry Making Kit|
133;|Astronimical Telescope With 'catalogue Of Nebulae'|
134;|Bbc Radio 5 Live|
135;|A Notebook And Pencil|
136;|Red Lipstick|
137;|The Full Collection Of Ordnance Survey Maps Of The British Isles|
138;|A Snorkelling Suit With Prescription Goggles|
139;|Egg Tempura Paints, Brushes, And Boards To Paint On|
140;|Box Of Watercolour Paints|
141;|Swedish Wooden Horse|
142;|Unlimited Supply Of Sun Block (nicely Scented)|
143;|Clockwork Radio Tuned To Radio 4|
144;|Downy Pillow|
145;|Pencil And Paper|
146;|Oil Paints And Brushes|
147;|Banjo With Plastic Head With An Inexhaustible Supply Of Strings Pegs|
148;|Painting By Maurice Cockerill - Ariadne's Thread|
149;|Endless Supply Of Coffee|
150;|Five Juggling Balls|
151;|Painting By Titian: Bacchus Ariadne|
152;|A Trowel For Digging|
153;|Book On How To Sketch And Some Paper And Pens|
154;|Rollercoaster|
155;|Pen And Unlimited Paper|
156;|Solar Laptop|
157;|Roses|
158;|A Garden|
159;|Grand Piano (and Music Scores)|
160;|Cat Food|
161;|Wind-up Radio|
162;|Ballroom And Robotic Dance Instructor|
163;|Tea Service With Tea|
164;|Varieties Of Tea And A Tea-making Outfit|
165;|(hot) Shower|
166;|Radio To Listen To The World Service|
167;|To Be Missed By The People She Loves|
168;|A Globe|
169;|Cigarettes And Whisky|
170;|A Chaise Longue By A Window|
171;|Paper And Pens (with Thick Nibs)|
172;|An Atkinson Grimshaw Painting|
173;|Sun Block|
174;|Jaguar Xk8|
175;|A French Restaurant In Full Working Order|
176;|A Handful Of Cannabis Seeds|
177;|The Man With A Glove Painting By Titian|
178;|Basil Brush Films And Projector|
179;|A Very Comfortable Sofa|
180;|Goose Down Duvet|
181;|Rosary Beads|
182;|Word Processor|
183;|Family Photo Album|
184;|Photo Of An Irish Cottage|
185;|Sampler To Record The Noises Of The Island|
186;|Solar-powered Refrigerator Full Of Champagne|
187;|Big Bag Of Plaster To Make Heads Of Friends|
188;|A Bed|
189;|An Endless Supply Of Curry|
190;|Teddy Bear Stuffed With Tea And Lily Of The Valley|
191;|Teddy Bear Stuffed With Tea Bags|
192;|Tribute Heads By Elisabeth Frink|
193;|Toothbrush And Toothpaste|
194;|Cellar Of Wines And A Corkscrew|
195;|A Widow's Cruse Filled With Whisky|
196;|Four-poster Bed|
197;|Cannabis Seeds|
198;|Cello|
199;|Tea In Abundance|
200;|Enormous Cookery Book|
201;|Painting Kit (easel, Oils, Brushes)|
202;|Jar Of Vegemite|
203;|Shampoo|
204;|Peanuts And Treats To Tame Animals And Birds|
205;|The Barnes Collection (paintings)|
206;|Triple-folding Screen And Personal Photographs|
207;|Dark Room, Film And Camera|
208;|Make-up Kit|
209;|An Endless Team Of Man Fridays!|
210;|Her Piano|
211;|A Very Large Set Of Solar-powered Hair Rollers|
212;|Hot Lemon Flannels (as Provided In Chinese Restaurants)|
213;|Madame Rochas Scent|
214;|Television Set|
215;|Tapestry To Make|
216;|Pen From Aspreys With Attached Magnifying Glass|
217;|Plain Paper, Plastic Folders And Ballpoint Pens|
218;|A Supply Of Embroidery|
219;|Laptop Computer|
220;|Unlimited Supply Of A4 White Paper Cartridges For Fountain Pen|
221;|Toilet Bag Full Of Skin-barrier Creams|
222;|A Gilabra (cloak Of Gold)|
223;|Mouth Organ|
224;|A Case Of Krug Champagne|
225;|Watercolours For Painting|
226;|A Bed And White Egyptian Sheets|
227;|Samson Tobacco And Liquorice Rizla Papers|
228;|Case Of Evian Water Filled With Champagne|
229;|Large Victorian Bath With Claw Feet|
230;|Flower Press|
231;|Waterproof Pens, Paper And Folders|
232;|Magic Carpet|
233;|Large Chippendale Mirror|
234;|Inexhaustible Supply Of Laundered Swiss Lawn Handkerchiefs|
235;|Tightrope|
236;|Radio 4's Today Programme|
238;|Personal Pouch With A Silver Lion In It|
239;|Mace Of The House Of Commons|
240;|Very Big Photograph Album On A Wheeling Table|
241;|Game Of Scrabble With Paper And Pencil|
242;|Tennis Wall, Balls And Racket|
243;|Chocolate|
244;|A Still (to Distill Berries, Etc. Into Drink)|
245;|Tennis Court, Balls, Racket And Wall|
246;|Pad, Felt Pens And Biros|
247;|Film - The Commitments|
248;|A Comfortable Chair|
249;|Masaccio Frescos In The Brancacci Chapel|
250;|Multi-lingual Dictionary|
251;|A Huge Tapestry Kit|
252;|Triangular Pillow|
253;|Supply Of Fine Havana Cigars|
254;|Swimming Pool Of Champagne|
255;|Mouth Organ With Instructions|
256;|Expensive Perfumed Hand Cream|
257;|Daughter's Painting|
258;|Large Filing Cabinet Full Of A4 Paper Pens|
259;|Large Swiss Army Knife|
260;|Do-it-yourself Solar-powered Kit|
261;|Bath With Solar-heated Water And Bubble Bath|
262;|An Everlasting Bottle Of Sleeping Pills|
263;|Box Of Seeds|
264;|Crochet Needles And Wool|
265;|Crown Jewels (so Someone Will Look For Her)|
266;|Photo Of Mother|
267;|Typewriter|
268;|Writing Materials And A Union Flag|
269;|Hair Pieces|
270;|Large Box Of Marrons Glaces|
271;|Set Of Wood-carving Tools|
272;|Computer|
273;|Photograph Album|
274;|A Bed, Netted From Snakes And Flies|
275;|Jeroboam Of Champagne|
276;|Supply Of Cocoa Butter And Hat|
277;|Tape Recorder|
278;|Denis Healey Or Large Double Bed With Pillows|
279;|Lamp With Solar Batteries|
280;|Papers, Pencils, Paints|
281;|Soft Pillow|
282;|Binoculars|
283;|Watercolour Paints, Brushes And Paper|
284;|Curling Tongs|
285;|Large Bottle Of Sun Tan Oil And Moisturiser|
286;|Amazonian Rain Maker|
287;|Aircraft Carrier (to Decorate)|
288;|Cleansing Milk|
289;|Insect Repellent|
290;|Case Of Champagne|
291;|Bag Of Wild Flower Seed|
292;|Solar-powered Word Processer|
293;|Guitar|
294;|Cold Cream|
295;|Hot Spices|
296;|Manicure Set And Nail Varnish|
297;|Mona Lisa|
298;|Six Feet Of English Hedgerow|
299;|Bed|
300;|Baked Beans|
301;|Madge Allsop|
302;|Large Bottle Of Toilet Water|
303;|Skin Food|
304;|Comfortable Bed With Pillows And Sheets|
305;|Little Rosebush|
306;|Needles, Cotton And Material|
307;|Hot Bath With Extra Tap For Cold Champagne|
308;|Photograph Of Children|
309;|Her First Dress Worn On Stage|
310;|Manicure Set|
311;|Loofah|
312;|Make-up Table|
313;|Iron And Ironing Board|
314;|Telephone|
315;|Bicycle|
317;|Stuffed Dog|
318;|Stereoscope With Slides Of Her Family|
319;|Pillow|
320;|Photograph Of Family|
321;|Never-ending Supply Of Smoked Salmon|
322;|Stradivarius Violin|
323;|Bathroom With Lots Of Full Cupboards|
324;|Hairbrush|
325;|A Parking Meter Caravan|
326;|Artist's Equipment|
327;|Photograph Album Of Family, Friends And Pets|
328;|Buddha Statue|
329;|Whiskey|
330;|Wine - Chateau Margaux 1961|
331;|Windsurfer|
332;|Mosquito Coils And An Apple Pip|
333;|Cat|
334;|King-size, Brass Bed With A Feather Mattress|
335;|Writer's Kit|
336;|Blank Paper|
337;|Garlic, Chocolate And Wine|
338;|Union Jack|
339;|Flowers Delivered Daily By Bottle|
340;|Painting Materials|
341;|Sketchbook, Pens And Pencils|
342;|Silk Garment|
343;|Lipsticks|
344;|Piano With Bath Salts|
345;|Statue Of Madonna And Child, 17th Century|
346;|Eau De Cologne|
347;|Silk Underwear|
348;|Razor And Shaving Soap, A Video Player With A Tape Of Laurel Hardy, Wine And A Violin|
349;|Coffee And Espresso Machine|
350;|Doll's House|
351;|Television Set With Satellite Link-up|
352;|Teddy Bear|
353;|Oriental Rug|
354;|Castanets|
355;|Dresden|
356;|Water Colours, Brushes And Paper|
357;|Scrabble|
358;|Chocolates|
359;|Camera And Film|
360;|Perrier Water|
361;|Eyelash Curlers|
362;|Sunglasses|
363;|French Shampoo|
364;|Tennis Practice Equipment|
365;|Wine|
366;|Champagne|
367;|Silver Shadow Rolls Royce|
368;|Mother's Ormolu Clock|
369;|Strong, Wooden Armchair|
370;|Cooking Knives|
371;|Mixed Flower Seeds|
372;|Michelangelo's David|
373;|Large Basket Of Sugared Almonds|
374;|Canvases, Brushes And Paint|
375;|Wine From Own Vineyard|
376;|Flower Seeds|
377;|Sistine Chapel In The Vatican|
378;|Sun Tan Lotion|
379;|The Taj Mahal|
380;|Box Of Spices|
381;|Mink-lined Hammock|
382;|German White Wine|
383;|Selection Of Herbs|
384;|Camille Pissarro, On The Banks Of The Marne|
385;|The Nike Of Samothrace, In The Louvre|
386;|Indian Tea|
387;|Photo Album Of Her Children|
388;|Bath With Hot Water, Soap And Towels|
389;|Typewriter, Spare Ribbons And Paper|
390;|Whisky And Ginger Ale|
391;|Wool And A Crochet Hook|
392;|Supply Of Gentlemen's Relish|
393;|Oil Painting Equipment|
394;|Fresh-water Shower|
395;|Exercise Books And Ballpoint Pens|
396;|Oils And A Comb|
397;|Little Marble Buddha|
398;|A Picture Of All Her Loved Ones|
399;|Scissors, Needles And Thread|
400;|Armchair|
401;|Lapsang Souchong Tea|
402;|Ballet Picture By Degas|
403;|Picture Called Summer Arangments By Nikolsky|
404;|Champagne Dress|
406;|Bath Salts|
407;|Tea|
408;|A Soap That Kills Mosquitoes|
409;|Notebooks And Pens|
410;|Beauty Products|
411;|Rolls Royce|
412;|Rose Cutting And Some English Soil|
413;|Portrait Of Her Husband|
414;|Radio Receiver|
415;|Drawing And Writing Materials|
416;|Group Photograph Of Friends|
417;|Pair Of Field Glasses|
418;|Cards|
419;|Small Photographic Darkroom|
420;|Tranquillizers|
421;|Electric Blanket|
422;|Dogs|
423;|Score Of Mozart's The Magic Flute|
424;|Gold Bracelet Called The Lion Of Judah|
425;|Comb, Manicure Set, Etc|
426;|Soap|
427;|Box Of Oddments From Her Dressing Table|
428;|Brandy|
429;|Accordian|
430;|Duvet|
431;|Pair Of Binoculars|
433;|Family Photograph|
434;|Sun-barrier Cream And A Straw Hat|
435;|Spy-glass|
436;|Typewriter, Paper And A Hostess Gown|
437;|Cookham Resurrection By Sir Stanley Spencer|
438;|Constable Landscape|
439;|Seeds|
440;|Dart Board And Darts Of Different Weights|
441;|Hot Water And Bath Oil|
442;|Canvas And Tapestry Tools|
443;|English Pub|
444;|Queen Mary's Dolls' House|
445;|Forty Yards Of Flowered Chintz, A Needle Cotton|
446;|Make-up Box|
447;|Prawn Cocktails|
448;|Toothbrushes|
449;|Vegetable Garden|
450;|Tahitian Language Course|
451;|Knitting Needles And Wool|
452;|An Excerpt From The Bbc Recording Just William|
453;|Parasol|
454;|Velasquez, The Maids Of Honour, In The Prado|
455;|Painting By Her Husband Of Their Son|
456;|Bath With A Hot-water System|
457;|Umbrella|
458;|Stamp Album|
459;|Bathroom Suite|
460;|String Of Pearls|
461;|Writing And Painting Materials|
462;|Clue To Buried Treasure|
463;|Barrel Of Lipstick|
464;|Lipstick|
466;|Cosmetics|
467;|Painting Equipment|
468;|Writing And Sketching Materials|
469;|Billiard Table, Cue And Balls|
470;|Parrot|
471;|Bag Of Pillows, In Which She Will Smuggle In Her Dog|
472;|Make-up Set, Mirror And Comb|
473;|Alabaster Cherub|
475;|Two Chinese Figures Of Musicians|
476;|Ivory Ball|
477;|Sycamore Trees|
478;|Full-length Mirror|
479;|Michelangelo's Pieta|
480;|Painting, Or A 16th-century Patch Box|
481;|Complete Works Of Shakespeare|
482;|The Beatles New Colour Television Show|
483;|Mink Coat|
484;|Golf Clubs And Balls|
485;|Mattress|
486;|French Silk-lined Leather Gloves|
487;|Parsley|
488;|Tobacco Seeds|
489;|Spices And Herbs|
490;|Field Glasses|
491;|Bath With Hot Water|
492;|Onion Plants|
493;|Foam Rubber Mattress And Mosquito Net|
494;|Etruscan Frieze Of Horses|
495;|Indian Painting Showing The Crucifixion|
496;|Library|
497;|Face And Hand Creams|
498;|Piece Of Sculpture|
499;|The Albert Memorial|
500;|False Eyelashes|
501;|Silver Box|
502;|Skin-diver's Mask|
503;|Mementoes Box|
504;|Telescope|
505;|Her Portrait By Augustus John|
506;|Coffee And Condensed Milk|
507;|Photographs|
508;|Toothbrush|
510;|Make-up|
511;|Swedish Crossword Puzzles|
512;|Looking Glass|
513;|Mobile From The Museum Of Modern Art|
514;|Van Eyck's Adoration Of The Immaculate Lamb|
515;|Her Commonplace Book|
516;|Flower Seeds And An Armchair|
517;|Reproduction Of Renoir's The Picnic|
518;|Photograph And Recording Of Family|
519;|Sable Coat|
520;|Family Photographs And A Tape Recorder|
521;|Sun-tan Oil|
522;|Painting By Rembrandt In The National Gallery|
523;|Rolls-royce, Water Skis And A Piano|
524;|Pairs Of Spectacles|
525;|Unbreakable Spectacles|
526;|Insecticide|
527;|Painting By Renoir|
528;|Paintbox|
529;|Carved Stone Head Of A Chinese Philosopher|
530;|Blue-green Silk Robe With Packets Of Flower Seeds In The Pockets|
531;|Tapestry-making Materials|
532;|Mink Stole|
533;|Painting By Gauguin|
534;|Sun-bathing Oil|
535;|Framed Ronald Searle Drawings|
536;|Playing Cards|
537;|Language-teaching Records For All Languages|
538;|Soil And Rose Bushes|
539;|Paper, Pencils And Paints|
540;|Astronomical Telescope|
541;|Jewelled Gold Statuette Of St George And The Dragon From The Schatzkammer, Munich|
542;|Wooden Statue Of St Florian|
543;|Painting Of London To Be Commissioned From Graham Sutherland|
544;|Kaleidoscope|
545;|Frogwoman's Outfit|
546;|Complete Glamour Outfit|
547;|Photograph Of Battersea Power Station|
548;|Case Of Avocado Pears|
549;|Artists' Materials|
550;|Writing Paper And Pencils|
551;|Clock|
552;|Handbag With Contents|
553;|Encyclopaedia|
554;|Sunburn Lotion|
555;|Beach Ball|
556;|Gardenia Bush|
557;|Box Of Make-up|
558;|Girl Guide Camp Bed|
559;|Photo Of Wife|
560;|Circus Horses By Toulouse-lautrec|
561;|Box Of Paints|
562;|Mascot|
563;|St Christopher Medal|
564;|Bejewelled Golden Comb|
565;|Mink Sleeping Bag|
566;|Embroidery Workbox|
567;|Expensive Jewellery|
568;|Comb|
569;|Cross|
570;|Cigarettes|
571;|Lucky Charm|
572;|Still For Making Poteen|
573;|Picture By Cezanne Or A Bed|
574;|Blue Vase|
575;|El Medico Oil Painting By Goya|
576;|Garlic|
577;|A Robotic Sex Doll|
578;|A Huge Stack Of White Paper And Pencils|
579;|An Easy Chair|
580;|A Football|
581;|A Bontempi Keyboard|
582;|Calligraphy Materials|
583;|Watercolour Paints And Paper|
584;|Bottles, Pens And Paper|
585;|Radio-cassette Player And Language Tapes|
586;|Vodka|
587;|A Coffee Machine|
588;|Two Enormous Casks Of Chateau Margaux|
589;|Cricket Bat, Ball And Stumps|
590;|A Laminated Photo Of His Family|
591;|Young Lady In Profile 1495 - De Predis|
592;|Greek Sculpture Of A Female Head|
593;|His Saxophone|
594;|A Victorian Bath And Hot Water|
595;|Mclaren Slr Car With Petrol|
596;|A Dozen Bottles Of Vidal Sassoon Hair Shampoo|
597;|Piece Of Sculpture By Baracal|
598;|An Inexhaustible Supply Of Tea And A Kettle|
599;|Electric Guitar|
600;|My Blue Suede Shoes|
601;|Luxury Mattress And Pillow|
602;|Set Of Golf Clubs And Balls|
603;|His Own Drum Kit|
604;|A Grand Piano|
605;|A Basic Word Processor|
606;|Piano With Music|
607;|A Mirror|
608;|Golf Clubs|
609;|Marmite|
610;|Never Ending Supply Of Pressed Shirts And Trousers|
611;|A Set Of Watercolours And An Endless Supply Of Paper|
612;|A Sand Wedge Endless Golf Balls For Playing Golf|
613;|Two Established Vines And A Tin Bath To Make Wine|
614;|My Own 'amazing Pair Of Binoculars'|
615;|A Miniature Still With A Little Ice-making Machine Attached To It To Make Dry Martinis.|
616;|A Nightly Fragrant Bath|
617;|An Indoor Golf Driving Range|
618;|A Tandem Bike With Wooden Models Of His Family At The Front|
619;|Two Feathered Pillows|
620;|Stash Of Cigarettes|
621;|A Drum Kit|
622;|Kiln|
623;|Bucket And Spade|
624;|Fishing Rod|
625;|Solar-powered Espresso Machine|
626;|Surfboard|
627;|Football|
628;|Ukulele|
629;|Espresso Machine|
630;|A Ferris Wheel|
631;|A Pillow|
632;|Sand Wedge And Golf Ball|
633;|Acoustic Guitar|
634;|Lip Balm|
635;|Merlot Grapevine|
636;|My 49-year-old Double Bed.|
637;|A Solar Dvd Player Loaded With The Seven Series Of The West Wing|
638;|A Large Bed With Fifty Per Cent Goose Down And Fifty Per Cent Feather Pillows.|
639;|A Piano And Guide To Playing It|
640;|A Comfy Bed With Lots Of Pillows|
641;|A Power Shower With White Fluffy Towels And Constant Hot Water.|
642;|San Pellegrino Water On Tap|
643;|A Cheeseburger Machine|
644;|A Picture Of The Clifton Suspension Bridge|
645;|Large Supply Of Moleskin Sketch Books|
646;|Fully-restored Morris Minor Traveller With Wooden Detail|
647;|A Large 18th-century Picture|
648;|Full Set Of Scuba Gear|
649;|Dvds Of Sitcoms And Dvd Player|
650;|Brass Microscope|
651;|A Synthesiser To Make Up My Own Music.|
652;|Very Big Box Of Chocolates Including Nougat|
653;|My Cricket Bat|
654;|My Paints|
655;|No.7 Meccano Outfit|
656;|A Wicket, Cricket Bat, Net, An Endless Supply Of Balls And A Bowling Machine That Can Be Set To Replicate The Style Of Any Bowler|
657;|A Proper Orthopaedic Cushion|
658;|A Gun|
659;|His Clarinet And An Unlimited Supply Of Reeds|
660;|Good Wine|
661;|A Communications Receiver (receiving Only)|
662;|An Aston Martin Car|
663;|Lots Of Paper, Pencil And Pencil Sharpener|
664;|A Bottle Of Chilled Sancerre For Every Night|
665;|Two Hundred Cases Of Vintage Wine|
666;|My Own Trumpet|
667;|A Mouth Organ With Instruction Book|
668;|A Magic Wine Cellar Which Never Runs Out|
669;|A Wall To Kick A Football Against|
670;|A Solar Computer Loaded With Pictures Of My Family And Friends|
671;|Well Stocked Bar Fridge|
672;|A Good Piano|
673;|Grand Piano|
674;|Sketch Book With Lots Of Pencils|
675;|White Truffles|
676;|A 'magic' Pudding And A Drink|
677;|A Pack Of Cards|
678;|A Happy Photograph Of The Whole Family Including The Latest Grandchildren|
679;|Ice-cold Vanilla Vodka And Tonics|
680;|Tenor Saxophone|
681;|A Mini Dvd Player|
682;|Cloudy Bay Sauvignon Blanc From The Marlborough District Of New Zealand|
683;|A Collection Of Drawing Books, Pencils And Varnish|
684;|Havana Cigars|
685;|A Microscope, Equipment And A Stack Of Notebooks|
686;|Good Toiletries For My Bath|
687;|A Ceramic Bowl From The Village Of Istalif In Afghanistan|
688;|Italian Coffee Machine And Grinder|
689;|A Cello|
690;|A Settee To Sit On|
691;|World's Biggest Church Organ|
692;|A Huge, Huge Photo Album Of Friends|
693;|Vaporiser|
694;|Snorkelling Gear|
695;|Portable Radio With An Endless Supply Of Batteries|
696;|A Hammock|
697;|Digital Radio|
698;|Db9 Car|
699;|A Very Long Stainless Steel Shaft To Encourage Pole-dancing Mermaids!|
700;|Endless Supply Of Mojitos|
701;|Can Of Beluga Caviar, Spoon And Tin Opener|
702;|Collection Of Times Crosswords|
703;|A Comfortable Bed|
704;|Daily Araucaria Crossword|
705;|Vat Of Novocaine - A Non-addictive Pain-killer|
706;|A Set Of Uillean Pipes|
707;|A Combined Heat And Power Micro-unit|
708;|Collage Of Photos Of Family And Friends|
709;|A Guitar With A Guide To Playing It|
710;|A Bar With Two Discs For Weight Training|
711;|A Video Of A Day In The Life Of His Family|
712;|Lots Of Toilet Roll|
713;|His Own Long-handled Spoon To Make Dressings|
714;|Loads Of Really Good Pens And Paper|
715;|Writing Pad And Pencils|
716;|Dvd Projector And Dvds|
717;|A Banjo|
718;|Time Machine|
719;|Fountain Pen, Ink And Paper|
720;|Supplies Of Pen And Paper|
721;|Selection Of Pictures|
722;|An Espresso Coffee Machine With Coffee|
723;|Favourite London Restaurant|
724;|Water Hammock|
725;|Cellar Of Champagne|
726;|A Keyboard|
727;|Trumpet|
728;|Japanese Knives|
729;|A Violin|
730;|Arches Watercolour Paper|
731;|My Children's Pillows|
732;|A Didgeridoo Belonging To His Late Son Eddie.|
733;|Pinball Machine (traditional American One)|
734;|Hendrickje Bathing By Rembrandt|
735;|A Lifetime's Supply Of Great Cigars|
736;|Helicopter|
737;|A Cannondale Bike|
738;|Virtual Sherry Trifle|
739;|A Crate Of Scottish Whisky|
740;|Video Or Pictorial Book Of '100 Examples Of Excellence'|
741;|A Piano With A Mattress|
742;|One Of His Wheat-free Loaves|
743;|Mobile Phone|
744;|Mont Blanc Pen, Nibs And Spiral Squared Notebooks|
745;|Rizla Liquorice Papers|
746;|Lifetime's Supply Of Pinot Grigio|
747;|Velasquez's Las Meninas|
748;|Viola|
749;|A Case Of Selected Malt Whiskies|
750;|His Guitar|
751;|Sunday Papers|
752;|Paper And Felt-tipped Pens|
753;|Potato Crisps|
754;|A Solar Hot Water System|
755;|A Pair Of Swimming Goggles With Prescription Lenses|
756;|Large Pot Of French Mustard|
757;|Own Pillow|
758;|Big Supply Of Caviar|
759;|A Solar-powered Buggy|
760;|All-purpose Prosthetic Arm|
761;|Champagne (the Best Possible)|
762;|Car Fitted With A Telescope|
763;|A Trip Around My Island On Concorde|
764;|A Handmade Pair Of Shoes|
765;|Howard Hodgkin's Painting Learning About Russian Music|
766;|A Spade|
767;|Bunch Of Canvases With Oils And Brushes|
768;|A Bed With A Mosquito Net|
769;|His Beloved Billiard Table And A Shed To Keep It In|
770;|His Mysterious Object (an Object Found By His Father That, As Yet, No-one Can Identify)|
771;|Vermeer Painting - The Piano Lesson.|
772;|Chess Set With A Problem Book|
773;|A Full-size Billiard Table With Radio 4 Built Into Each Of The Legs|
774;|Billiard Table With Snooker Balls And Cue|
775;|A Box Of Plastic Straws To Fiddle With|
776;|Fly-fishing Rod|
777;|Hot And Cold Running Water, Bath Tub And Bath Oil|
778;|Copper Plate Engravings Of Durer's Passion|
779;|Music Manuscript Paper And Pens|
780;|Canvas Roll Containing Dissecting Set|
781;|Razor|
782;|A Gollock|
783;|Case Of Havana Rum|
784;|A Saxophone|
785;|A Rug Made By The Baluch People From Afghanistan|
786;|Sun Lounger With Canopy To Protect Him From The Sun|
787;|Set Of Golf Clubs And An Endless Supply Of Balls|
788;|My Computer|
789;|Spotted Dick With Lyon's Syrup|
790;|Shaving Kit|
791;|A Guitar|
792;|Set Of Golf Clubs|
793;|Snorkel|
794;|Snorkel Mask|
795;|A Drink-making Machine|
796;|A Hot Shower And Some Soap|
797;|Cricket Bag|
798;|Sketchpad And Felt Pens To Design|
799;|A Six Inch Nail|
800;|Mirror|
801;|My Boat - But Not To Escape|
802;|Waterslide|
803;|Triptych, May - June 1973 By Francis Bacon|
804;|A Magic Flute|
805;|Boxed Set Of Blues Harps (harmonicas) And Instruction Book|
806;|Videos Of Cricket Matches|
807;|Express Coffee Machine With Coffee Beans|
808;|Large Bath With A Constant Supply Of Hot Water|
809;|A Subscription To The Guardian Newspaper For One Year|
810;|A Painting By His Wife|
811;|Own Set Of Golf Clubs And Balls|
812;|Skin So Soft - Avon|
813;|Riba Drawings Collection|
814;|Personal Photo Album|
815;|A Jukebox|
816;|Jet Ski|
817;|V A Museum|
818;|Cd Player|
819;|An Accordion|
820;|Zippo Lighter|
821;|An Mp3 Player (ipod)|
822;|Millenium Centre In Cardiff|
823;|A Kitchen|
824;|Modern Mini Brewery|
825;|A Steamer Chair|
826;|A Hammock From Hermes|
827;|A Piano Or, Failing That, For Comfort A Tin Of Condensed Milk Tin Opener|
828;|Solar-powered Radio|
829;|Radio|
830;|An Acoustic Martin D.35 Guitar|
831;|Pencils, Paper And Watercolours|
832;|Potato Seeds|
833;|Case Of Opus One Wine|
834;|An Anchored Yacht|
835;|A Photo Of His Wife And All Of His Children|
836;|Kingsize Cigarette|
837;|A Flat Water Kayak Suitable For Rough Water|
838;|A Bass Guitar|
839;|A Cappuccino Maker|
840;|Oil Paints|
841;|The Blue Nude By Justin Deranyagala|
842;|A Chess Computer|
843;|A Solar Powered Computer With A Secret Compartment Containing A White Powder|
844;|A Jar Of Apricots, By Chardin|
845;|His Own Guitar: The Red Special|
846;|A Box Of Watercolours|
847;|A Sloping Lawn|
848;|A Nucleus Of Bees|
849;|A Set Of Mixed Greek And Roman Coinage|
850;|A Steinway Model D Piano, Specially Conditioned To Deal With All Weathers|
851;|Two And Half Miles Of The Hampshire Chalk Stream|
852;|A Fresh Vanilla Pod|
853;|Isle Of Lewis Chess Set From The British Museum|
854;|Big Roll Of Paper|
855;|Celestial And Terrestrial Globes|
856;|Chromatic Harmonica|
857;|Leatherman - Like A Swiss Army Knife But More Substantial|
858;|Solar-powered Magimix|
859;|Dojo|
860;|Entire Cellar Of A Great Collector Of French Wine|
861;|Banjo|
862;|Electrical Device To Heat Shaving Foam|
863;|Bethsheba By Rembrandt|
864;|Cassette Recorder And Cassettes|
865;|Molecular Engineering Laboratory - To Construct A 'dog'|
866;|A Huge Jar Of Liquorice|
867;|Video Player With Cassettes Of Old Movies|
868;|Mister Trumper's Aftershave|
869;|A Barrel Of Adnam's Ale Brewed In Suffolk|
870;|Pack Of Cards|
871;|Airbrush Computer Graphics Set|
872;|A Pair Of Binoculars|
873;|A Small Painting Called The Head Of A Girl By Michael Sweerts|
874;|Unlimited Supply Of Paper, Paints, Pencils|
875;|1939 Edition Tenor Saxophone|
876;|Renaissance Casket With A Selection Of 15th 16th Century Italian Drawings In It|
877;|The Microscope Used To Examine The Lineage Of The Roundworm|
878;|A Lucky Sixpence|
879;|Lots Of Paper With Pens|
880;|Lots And Lots Of Chocolate|
881;|Big Photo Album Of Friends And Family|
882;|A Huge Supply Of Indian Tea With A Worcester Tea Pot|
883;|Solar-powered Piano|
884;|Drumsticks|
885;|A Down Pillow|
886;|Newspaper|
887;|Velasquez Painting Of Old Lady Frying Eggs|
888;|Bath|
889;|Marble Bath With Constant Hot Water|
890;|A Wind-up Radio|
891;|Whisky|
892;|An Orrary - An Electronic Toy For Looking At The Sky|
893;|A Huge Supply Of Chardonnay|
894;|Little Bottle Of Aftershave|
896;|My Bathroom|
897;|Syndicate Whisky|
898;|An Accountancy Course|
899;|Pot Of Stew With Two Dumplings|
900;|Motor Car And Petrol|
901;|19-note Piano|
902;|Solar-powered Laptop|
903;|Watercolour Paint Box (plus Brush And Pad)|
904;|Cyanide Tablet (if He Can't Have A Tower And Telescope Or A Full-size Snooker Table)|
905;|Vibraphone|
906;|Skis|
907;|Case Of Really Good Vintage Wine|
908;|Karaoke Piano|
909;|Space Invaders|
910;|Comfortable Armchair/desk|
911;|2,000 Soft Loo Rolls|
912;|Self-operated Nuclear Strike Force|
913;|His Piano|
914;|A Windsurfer|
915;|Glue|
916;|Silk Pyjamas|
917;|Laptop Computer With Poker Game Software|
918;|St John's Wort|
919;|Waterbed|
920;|Nose Hair Trimmer|
921;|Snorkel And Mask|
922;|Italian Leather Hand-stitched Hiking Boots|
923;|Herb Garden|
924;|Inflatable Rubber Woman|
925;|Cherry Tree|
926;|A Toilet|
927;|His Memory|
928;|Organ (from The Royal Albert Hall)|
929;|Junk Yard|
930;|Pen And Limited Supplies Of Ink And Paper|
931;|Chisel For Sculpting|
932;|Two Tape Recorders|
933;|Thai Fish Sauce|
934;|Self-contained Eternal Electric Fan|
935;|Winning Post From Cheltenham Race Course|
936;|Tin Whistle|
937;|A Virtual Reality London Symphony Orchestra So He Can Conduct It|
938;|Power Book G3 (laptop Computer)|
939;|Magnifying Glass|
940;|Digital Tv|
941;|Books Delivered To The Island On A Regular Basis|
942;|Film: Oh Mister Porter|
943;|Radio (for Football Results)|
944;|Virtual Reality Module|
945;|Painting Of His Family By Aurelio|
946;|An Endless Supply Of Ice-cream|
947;|A Huge Supply Of Ouzo|
948;|If A Hot Island - A Huge Bottle Of Suntan Lotion And If A Cold Island - A Pillow|
949;|Pizza Express In Notting Hill|
950;|Basket Ball And Hoop, And A Little Hard Standing|
951;|Wind-up Video Player|
952;|The Black Prince Steam Locomotive, Canvases And Oil Paint|
953;|Clarinet|
954;|French-speaking Man Robot|
955;|Cricket Bat Signed By 'the Three Ws' - Sir Frank Warrel, Everton Weeks And Clive Walcot|
956;|Cello And Music For Bach's Cello Suites|
957;|Cigars|
958;|Marble Four-poster Bed|
959;|Saxophone|
960;|Chisels|
961;|Clay For Making Sculpture|
962;|Bundle Of Prunings From A Good Vineyard So He Can Plant His Own Vines|
963;|Lute And Strings|
964;|King's College Chapel|
965;|Mirror (for Company)|
966;|Gravity Chair|
967;|Mrs Thatcher Pickled In A Damien Hurst Sculpture|
968;|Sketch Pad And Paints|
969;|Jar Of Marmite|
970;|Croquet Lawn|
971;|A Box Of Lenses|
972;|Solar-powered Apple Mac|
973;|A Collection Of Landscape Pictures|
974;|Collapsible Concrete Model Of Broadcasting House|
975;|6mm 36 Inch Circular Knitting Needle With A Point At Each End|
976;|Bottle Of Calvados|
977;|Lavatory And Lavatory Paper|
978;|Samuel Palmer's Painting Moonlit Landscape|
979;|Front Seat Of A Porsche|
980;|A Sand Wedge Golf Club And A Crate Of Golf Balls|
981;|Law Of The Land (so He Could Break It)|
982;|Beer And A Cigarette Machine|
983;|Harmonica|
984;|Cocoa|
985;|A Jefferson Reclining Chair|
986;|Case Of Black Label And Dom Perignon|
987;|A Gym|
988;|Cement And Tools To Build A Folly|
989;|A Pair Of Green, Insulated Leica Binoculars 8 X 20|
990;|Cantona's Manchester United Football Shirt|
991;|The Chrysler Building|
992;|Earl Grey Tea|
993;|Michael Palin - Stuffed|
994;|Life-sized Model Of Margaret Thatcher And A Baseball Bat|
995;|Cable Television|
996;|Mixing Desk - Solar Powered|
997;|Glass And Tools To Make A Telescope|
998;|Sand Iron (golf Club)|
999;|The British Museum|
1000;|Northumbrian Pipes|
1001;|Solar-powered Internet (to Receive, Not Send)|
1002;|An Endless Supply Of A4 Paper And 4b Pencils|
1003;|The Cellar From Trinity College, Cambridge|
1004;|Potter's Wheel|
1005;|Marijuana Seeds|
1006;|A Pair Of Scissors|
1007;|Tv Satellite To Watch Test Matches|
1008;|Daily Newspapers|
1009;|Paints And Canvas|
1010;|Tennis Ball Machine And Racket|
1011;|Writing Equipment|
1012;|Haemorrhoid Ointment|
1013;|An Electric Keyboard|
1014;|Clavichord|
1015;|Snooker Table|
1016;|Fountain Pen And Paper|
1017;|Video Recorder|
1018;|Virtual-reality Headset|
1019;|Silken Tent (for Luxury, Not Survival)|
1020;|Vintage Krug Champagne (endless Supply)|
1021;|Hammock|
1022;|Scarf Given To Him By The Dalai Lama|
1023;|Colin Cowdrey's Bowling Machine|
1024;|Large Harmonica|
1025;|Computer And An Empty Bottle|
1026;|Havana Cigars And Matches|
1027;|Romney's Portrait Of Lady Hamilton|
1028;|Supply Of Handkerchiefs|
1029;|Faberge Egg|
1030;|Swiss Army Knife|
1031;|A Set Of Golf Clubs|
1032;|Case Of 'talisker' Whisky|
1033;|Fibreglass Sculling Boat|
1034;|Computer (solar-powered)|
1035;|A Complete Carpenter's Toolbox|
1036;|Mayonnaise - Permanent Supply|
1037;|Vanity Case Including Metal Mirror And Shaving Kit|
1038;|Ice-cream Maker (especially For Rum And Raisin Flavour)|
1039;|Radio 4's The Archers - All The Recordings From The Beginning|
1040;|Snorkel, Mask And Harpoon|
1041;|Upright Piano|
1042;|A Parking Space|
1043;|Small Theatre|
1044;|Pieta Sculpture By Michelangelo|
1046;|Snorkeling Equipment|
1047;|A Sonic Probe|
1048;|Set Of China (four Place Settings)|
1049;|Box Of Paints, Brushes, Paper|
1050;|Hovercraft Wheelchair With Capuccino Machine|
1051;|Black Cab|
1052;|Antisan For Insect Bites|
1053;|Tube Of Antisan Cream|
1054;|Model Of Hms Hood|
1055;|Tenor Sax|
1056;|Martin D28 Left-handed Guitar|
1057;|English Meadow With An Oak Tree|
1058;|Chainsaw|
1059;|Frosties|
1060;|Scuba Diving Kit|
1061;|Smoked Salmon And Wine|
1062;|Boxing Punchbag|
1063;|Marble Bust Of Laurence Sterne|
1064;|Big Box Full Of Family Albums|
1065;|Large Supply Of Total Block Suncream|
1066;|The Menu From His Favourite Parisien Restaurant|
1067;|Collection Of Large-scale Ordnance Survey Maps Of England|
1068;|Picture Of The Family|
1069;|Photograph Album - Family, Friends, Colleagues|
1070;|Wok|
1071;|Cargo Of Champagne|
1072;|The World Service|
1073;|A Duvet|
1074;|A Bag Of Golf Clubs And Golf Balls|
1075;|Creme Brulee|
1077;|Drinking Fountain With Two Taps - Sancerre And Claret|
1078;|Sancerre|
1079;|His Dog, Bear|
1080;|Year's Recording Of The Today Programme|
1081;|Own Bathroom Run By Solar Power With Hot And Cold Water And A Video Player Attached|
1082;|A Good Luck Stone (from His Wife)|
1083;|The Metropolitan Museum Of New York|
1084;|Telephone (disconnected)|
1085;|Hallucinogenic Drugs|
1086;|Satelite Dish And Television Set|
1087;|Chess Computer|
1088;|Computer Chess Set|
1089;|Wig|
1090;|Sports Results|
1091;|Flotation Tank|
1092;|Parquet Floor And Tap Shoes|
1093;|Bath Tub With An Endless Supply Of Hot Water|
1094;|Large Armchair Stacked With Cushions|
1095;|One Mile Stretch Of The River Test In Hampshire|
1096;|Stuffed Body Of The Minister Of Education|
1097;|Solar-powered Receiver To Receive Radio 4|
1098;|Unicycle|
1099;|Oval Cricket Ground Replica And Bowling Machine|
1100;|A Clock Given To Him For Turning On The Oxford Lights|
1101;|Steamroller|
1102;|Cigars And Matches|
1103;|Italian Pasta|
1104;|Magimix (battery-powered )|
1105;|Shotgun And Clay Pigeon Trap|
1106;|Nelson's Column|
1107;|Mountain Bike|
1108;|Nail Clippers|
1109;|Cd Player / Solar Battery-powered Radio|
1110;|Carton Of Cigarettes|
1111;|Picture Of His Daughter|
1112;|Fax Machine|
1113;|Large Supply Of Pencils|
1114;|Supply Of Cigars And Matches|
1115;|Endless Supply Of Writing Materials|
1116;|Hgih-powered Hunting Rifle And Ammunition|
1117;|Satellite Dish And Tv Set|
1118;|Supply Of Flower Bulbs|
1119;|Dice To Test The Luck Of A Ship Rescuing Him|
1120;|Radio Telescope|
1121;|Very Large Self Renewing Bottle Of Scotch|
1122;|An Enormous Box Of Chocolate Ginger|
1123;|Pair Of Handmade Blue Suede Shoes|
1124;|Pencil|
1125;|Hurdy Gurdy|
1126;|Bath Essence|
1128;|Yellow Rolls Royce|
1129;|Video Player And Tape Of Citizen Kane|
1130;|Large Comfortable Armchair|
1131;|Bowling Machine|
1132;|Video Recorder And Tapes Of Queen Mother's Parade|
1133;|Cyanide, In A Joint, In Champagne Truffle, In A Fridge|
1134;|Diary And Pen|
1135;|Painting Of Grand Canal In Venice|
1136;|Large Bag Of Sugar|
1137;|A Box Of Scented Soap|
1138;|Radio/cassette Machine|
1139;|Endless Supply Of Rum Punch|
1140;|Solar-powered Telescope|
1141;|Rain Gauge|
1142;|His Wife, Ruth, But If This Is Disallowed Then A Painting|
1143;|Computer, Paper And Pen|
1144;|A 78rpm Record Of The Laughing Policeman (to Smash On The Rocks)|
1145;|Yamaha Computerised Concert Grand Piano|
1146;|Armchair With Coffee Machine Rescue Signal|
1147;|Magnums Of Champagne|
1148;|Bike|
1149;|Distillery|
1150;|Conversation Piece By John Singer Sargent - A Painting Of The Sitwells|
1151;|Doc Marten Boots|
1152;|Jigsaw Puzzles|
1153;|Scuba-diving Equipment|
1154;|Steinway Piano|
1155;|Film Projector|
1156;|Seed Potatoes|
1157;|Fountain Pen|
1158;|Sculpture From The Louvre And A Box Of Different Seeds|
1159;|Graphic Novels (comics)|
1160;|Case Of Bordeaux Wine|
1161;|Metal Detector|
1162;|Painting Or Sculpture Photograph Of Daughter|
1163;|River Painting By Turner|
1164;|Cricket Bat Bowling Machine|
1165;|Smoking Device To Smoke Fish|
1166;|Nativity Painting From The National Gallery|
1167;|Kettle And Teabags|
1168;|Rocking Chair|
1169;|Suicide Pill|
1170;|A Bronze Statue Of The Racehorse Aldaniti|
1171;|Concert Grand Steinway Piano|
1172;|Alarm Clock Encased In Welsh Tinplate|
1173;|Unlisted Radio Telephone|
1174;|Paper, Pen And Ink|
1175;|High-powered Radio|
1176;|Music Manuscript Paper, Pencil, Rubber|
1177;|A Set Of Cricket Equipment|
1178;|A Hot Bath|
1179;|Frogman's Outfit And Snorkel|
1180;|Steamer For Cooking|
1181;|Toilet Bag|
1182;|Car (to Clean)|
1183;|Radio 4|
1184;|Car (in Which To Listen To Music)|
1185;|The Mona Lisa|
1186;|Bathtub And Soap|
1187;|Guitar And Strings|
1188;|Train Set|
1189;|Edward Hopper's Painting, Gas|
1190;|Mosquito Net|
1191;|Crate Of Montecristo Cigars|
1192;|Pens, Charcoal, Paints|
1193;|Enormous Amount Of A4 Paper|
1194;|Tape Recorder With A Cassette Of Recordings From Home|
1195;|Tajine|
1196;|Burgundy Wine|
1197;|Carpentry Tools|
1198;|Telescope And A Star-gazing Book|
1199;|Olympic Gold Medal And Award|
1200;|Painting Of The Crucifixion By Salvador Dali|
1201;|Set Of Gardening Tools|
1202;|Windsurfing Board|
1203;|Bollinger '69|
1204;|Crate Of Cologne|
1205;|Michelangelo's Apollo|
1206;|Chess Computer Game|
1207;|Contact Lenses|
1208;|50-pound Jar Of Marmite|
1209;|Case Of Wine|
1210;|Sand-yacht|
1211;|30 Foot Of Steel|
1212;|Golf Bag|
1213;|Quart Of Brandy|
1214;|Elm Tree|
1215;|Suit|
1216;|Bouillabaisse With Langouste And Wine|
1217;|Scotch Whiskey|
1218;|American Whiskey|
1219;|Royal Jamaica Cigars|
1220;|Portable Telescope|
1221;|Large Photograph Of A Lot Of People At Race Meet|
1222;|Thermos Jug|
1223;|Calendar Watch|
1224;|Collection Of Apostle Spoons|
1225;|Vine|
1227;|Spirit Stove|
1228;|Computer Bridge Game|
1229;|Refrigerator|
1230;|Taj Mahal|
1231;|Blank Book And A Pen|
1232;|Word Processor Linked To A Fleet Street Newspaper|
1233;|Cooking Range|
1234;|Hot Water|
1235;|Solar-powered Synthesizer|
1236;|Limitless Supply Of Yoghurt|
1237;|Boy Writer's Set|
1238;|Violin|
1239;|Cathedral Organ|
1240;|Family Pocket Watch|
1241;|Havana Cigar|
1242;|Sketchbook, Paints And Pencils|
1243;|Camera|
1244;|Electric Typewriter|
1245;|Trap (minus Donkey)|
1246;|Plastic Football|
1247;|Egg Timer|
1248;|Harmonium|
1249;|Transistor Radio|
1250;|Manuscript Paper And Pens|
1251;|Cask Of Claret|
1252;|Goose-down Pillow|
1253;|Sodastream And Gas Cylinders|
1254;|Ton Of Snuff|
1255;|Wine - Chateau Lascombes 1966|
1256;|Artist's Lay Figure|
1257;|Vat Of Bordeaux Wine|
1258;|Juggling Clubs|
1259;|Writing Paper|
1260;|Tuba|
1261;|Can Of Insect Repellant|
1262;|Le Moulin De La Galette By Renoir|
1263;|Painting From The Louvre|
1264;|Pad Of A4 Paper|
1265;|Writing Materials And Lots Of Bottles|
1266;|Watercolours And Hot-pressed Paper|
1267;|Nymph In A Landscape By Palma Vecchio|
1268;|Photograph Of Wife|
1269;|Bicycle And Cider|
1270;|Barbeque|
1271;|Pair Of Waterwings|
1272;|Air Conditioner|
1273;|Jaguar Xj6|
1274;|Comic Collage By Pearl Binder|
1275;|Hard Hat|
1276;|Video Cassettes Of Rumpole Of The Bailey|
1277;|Pianola|
1278;|Picture Of Mother When She Was 17|
1279;|Portable Typewriter And Lots Of Paper|
1280;|Harpsichord|
1281;|Artist's Kit|
1282;|Large Supply Of Paper And Pencils|
1283;|Crystal Ball|
1284;|Bottle Of Sleeping Tablets|
1285;|Solar-powered Television, Video And Eight Films|
1286;|More William Walton Records|
1287;|Italian Wine|
1288;|Guitar, Manuscript Paper And Pens|
1289;|Painting From His Collection|
1290;|Weekend In Paris|
1291;|Bed And Blankets|
1292;|Recording Of Curlews And Indian Spices|
1293;|The Plowden Guarneri Violin|
1294;|Water Colour Equipment|
1295;|Orchid-growing Kit|
1296;|Godiva Chocolates From Belgium|
1297;|Mattock|
1298;|Shower With Hot Water|
1299;|Hieronymus Bosch, Garden Of Earthly Delights|
1300;|Ordnance Survey Maps And A Set Of Books About The Fells|
1301;|Pate De Foie Gras|
1302;|Brass Bedstead And A Feather Mattress|
1303;|Pipe Organ|
1304;|Drawing And Painting Equipment|
1305;|His Favourite Picture In The Walker Art Gallery|
1306;|Film Projector And 20 Western Films|
1307;|Stone From Stomach Of A Fossilised Dinosaur|
1308;|Electric Razor|
1309;|Photo Album|
1310;|Couch|
1311;|Funicular For Hills|
1312;|Small Piece Of Sculpture|
1313;|Box Of Notebooks, Pencils And Sharpeners|
1314;|Engraved Glass And Supply Of Bitter Lemon|
1315;|Trombone And Hair Restorer|
1316;|Piano And An Instruction Book|
1317;|Wine Cellar|
1318;|Cross Given To Him By His Mother|
1319;|Drawings Of His Two Children|
1320;|Sand Iron And Golf Balls|
1321;|Boat Building Book|
1322;|Record Box|
1323;|Violin Strings And A Piano|
1324;|Bagpipes|
1325;|Beehive|
1326;|Australian Lager|
1327;|Clean Sheets|
1328;|Ivon Hitchens, Boathouse At Dawn|
1329;|Video Player And Films Of Family|
1330;|Reflecting Telescope|
1331;|Roulette Table|
1333;|Music Manuscript Paper|
1334;|Watercolour Of Versailles By Raoul Dufy|
1335;|Ferrari|
1336;|Happy Pills|
1337;|Gold Statuette Of Sir Winston Churchill|
1338;|Still|
1339;|Elastoplast|
1340;|Flagpole And Union Jack|
1341;|Plasticine Model Of Roy Plomley And A Pin|
1342;|Marzipan|
1343;|Video Player And Cassettes Of His Own Performances|
1344;|Velazquez, Les Hilanderas|
1345;|Solar-powered Transistor Radio|
1346;|Sherry|
1347;|Mgtd 2952 Car|
1348;|Sugared Apricots|
1349;|Italian Landscape Drawing From His Collection|
1350;|Painting Of A Sleeping Girl By Dominico Feti|
1351;|12 Foot By 8 Foot Union Jack|
1352;|Grapevines|
1353;|Cases Of Chateau Lafite-rothschild|
1354;|Perkins Brailler And Paper|
1355;|Guitar And Instruction Book|
1356;|The Enlightened Buddha|
1357;|Six Dozen Bottles Of Chateau La Tour 1962|
1358;|Liebig Condenser For Distilling Gin|
1359;|Postcards Of Paintings With Poems On The Back|
1360;|Physical Culture Equipment|
1361;|Mixed Flower Seeds And A Watering Can|
1362;|Violin And Strings|
1363;|Stop Watch|
1364;|Moselle Wine|
1365;|Beautiful Watch|
1366;|Cashmere Shawl|
1367;|Gold Rail Pass|
1368;|An English Garden|
1369;|Live Sturgeon|
1370;|Venus De Milo|
1371;|Stick Of The Best Marijuana|
1372;|Claude Monet, Dawn On The Seine|
1373;|Still, Grapevine Cuttings And Tobacco Seeds|
1374;|Painting Equipment For Oils And Watercolours|
1375;|Supply Of Acid Drops|
1376;|Beautifully Bound Blank Book And Ballpoint Pens|
1377;|Typewriter, Paper And A Desk With Cricket Balls In The Drawers|
1378;|Pipes And Tobacco|
1379;|Pipes And Matches|
1380;|South American Hammock|
1381;|Bar Of Gold|
1382;|Expensive Ivory Back-scratcher|
1383;|Writing Materials And Beer|
1384;|Grapes (seedless)|
1385;|Malt Whisky|
1386;|Limes Toilet Water By Floris|
1387;|Painting He Has Of Kathmandu Valley|
1388;|Panama Hats Stuffed With Barley Sugar|
1389;|Blanket|
1390;|Whisky (tobermory)|
1391;|Painting Of A Little Princess, By Velazquez|
1392;|Painting By Kneller Of A Girl In A Golden Gown|
1393;|Roll Of Cloth|
1394;|Tobacco Plant|
1395;|A Piano And Music|
1396;|20 Tons Of Pine Needles|
1397;|Life-size Bronze Statue Of An Ama-indian Woman|
1398;|Collection Of Assorted Balls|
1399;|Well-programmed Robot|
1400;|Linen Sheets|
1401;|Canoe|
1402;|Picture Of Family|
1403;|Supply Of Beaujolais|
1404;|Motorway Service Station|
1405;|Piano With Wife's Picture Attached|
1406;|Tarot Cards|
1407;|Pill To Put Him To Sleep Forever|
1408;|Painting Of A Restaurant On The Banks Of The Marne|
1409;|Violin, Strings And Case|
1410;|Paper And Ballpoint Pens|
1411;|Piece Of Georgian Furniture|
1412;|Carbonated-drink Maker And Supply Of Flavourings|
1413;|Trombone|
1414;|Dozen Cases Of Chateau Latour '61|
1415;|Projector, Viola, Radio, Paper And Pencils|
1416;|Barclaycard|
1417;|Barometer|
1418;|Several Decks Of Cards|
1419;|Leather Wallet Containing Photos Of Family Dog|
1420;|Apricot Brandy|
1421;|Set Of Bird-ringing Tools, Including Rings|
1422;|Bath With Solar-heated Water|
1423;|Tennis Racket|
1424;|Leonardo Da Vinci's Painting Of The Annunciation|
1425;|Poppy Seeds|
1426;|Effigy Of Denis Healey And A Supply Of Pins|
1427;|Still For Making Whisky|
1428;|Royal Albert Hall Organ|
1429;|G. Seurat, Sunday On The Island Of La Grande Jat|
1430;|Bath With Warm Water|
1431;|Sketchbook, Pencil, Pen And Ink|
1432;|Pipe|
1433;|Album Of Photographs Of His Wife|
1434;|Pianola And A Supply Of Piano Rolls|
1435;|Ton Of Treasure, Dated About 1642|
1436;|Selected Cases Of French Wine|
1437;|Orchid Collection|
1438;|Evening Dress Suit|
1439;|Tuning Fork|
1440;|Calculator|
1441;|Navel Brush|
1442;|Golden Flute|
1443;|Diary Pencil|
1444;|Darkroom|
1445;|Puppet Theatre|
1446;|Reading Glass With Light|
1447;|Charles I Silver Tankard|
1448;|Chinese Temple At Virginia Water (jb Pine)|
1449;|Sleeping Bag Tv That Doesn't Work|
1450;|Gardening Kit|
1451;|Herrings In Sour Cream|
1452;|Bow Arrows|
1453;|Oil Painting|
1454;|Turner's Seascape|
1455;|Carpentry Set|
1456;|Manicure And Pedicure Set|
1457;|Parking Meter And Plenty Of Change|
1458;|Steam Locomotive And Railway|
1459;|Bonsai Tree|
1460;|White Burgundy|
1461;|Painting By Van Hook|
1462;|Architectural Pens And Paper|
1463;|Microscope|
1464;|Emerald|
1465;|Dummy Piano Keyboard|
1466;|Second-hand Bookshop|
1467;|Video Tv|
1468;|Journey Through Europe By J Hillaby|
1469;|Lower Half Of W. Window Fairford Church, Gloucestershire|
1470;|Oyster Knife|
1471;|Mermaid Statue In Copenhagen Harbour|
1472;|Set Of Drums|
1473;|Typewriter, Pen, Paper|
1474;|Something To Improve The Taste Of Coconut Milk|
1475;|Pair Of Shoes|
1476;|Mellotron|
1477;|Airmail Edition Of The Times|
1478;|Gin And Vermouth|
1479;|David Wynne's The Dancers|
1480;|Sketching Materials|
1481;|Benvenuto Cellini's Golden Salt Cellar|
1482;|Electronic Pipe Organ|
1483;|Gin|
1484;|Silver Box Containing A Miniature Singing Bird|
1485;|Nougat|
1486;|Wood-carving Kit|
1487;|Ivory Chess Set|
1488;|Automatic Bowling Machine Cricket Balls|
1489;|Dutch Winter Landscape By Bruegel|
1490;|Dom Perignon Champagne|
1491;|Antique Chess Set|
1492;|Radio-controlled Model Aircraft|
1493;|Cornet|
1494;|Madonna And Child, By Jacob Epstein|
1495;|Oxford World Atlas And An Ordnance Survey Map Of The British Isles|
1496;|Wine-making Kit|
1497;|Ninth Record: Massenet's Elegie|
1498;|Tobacco Seeds And A Brewing Vat|
1499;|Bernini Columns From The Vatican|
1500;|Chess Set|
1501;|Equipment For Wine-making And Brewing|
1502;|Small Distillery|
1503;|1966 Moet Chandon|
1504;|Daily Newspaper|
1505;|Scotch And Champagne|
1506;|Two Armchairs|
1507;|Padded Deckchair|
1508;|Koh-i-noor Diamond|
1509;|Malt Whisky And Drawing Paper|
1510;|Aspirin|
1511;|China Cat|
1512;|Crystal Rock Specimens|
1513;|Spanish Guitar|
1514;|12th-century Candlestick In Victoria Albert Museum|
1515;|Scotch Whisky|
1516;|Wood And Stone-carving Tools|
1517;|Gin, Dry Martini And Lemons|
1518;|Guinness Book Of Records|
1519;|Paper, Pencils And A Battery-operated Sharpener|
1520;|Jeroboam Of Taittinger Champagne|
1521;|Bavarian Rococo Church|
1522;|Piano, Manuscript Paper, Pencils And A Rubber|
1523;|Self-portrait Painted By His Wife|
1524;|Revolver|
1525;|Pin|
1526;|Buddhist Altar In The British Museum|
1527;|Writing Materials And Playing Cards|
1528;|Rene Magritte, The Empire Of Light|
1529;|Organ|
1530;|Telephone Line To A Sports Newspaper|
1531;|His Bentley Car|
1532;|Tartar Sauce|
1533;|Model-making Tools|
1534;|Materials For Making Wine Or Beer|
1535;|Flute And Music|
1536;|Box Of Family Photographs|
1537;|Watch|
1538;|Horse Saddle|
1539;|Roman Helmet In The British Museum|
1540;|Vermeer's `view Of Delft'|
1541;|Set Of Lenses|
1542;|Sports Car|
1543;|Book Stall In Victoria Station|
1544;|Cor Anglais|
1545;|Ice-cream Machine|
1546;|Daily Delivery Of The Sporting Life|
1547;|Centrally-heated Sleeping Bag|
1548;|Double Bed|
1549;|English Rock Garden|
1550;|Rubber Mattress|
1551;|Chinese Language Course|
1552;|Donatello's Great Altar In St Anthony's Church, Padua|
1553;|Caviar|
1554;|The Bbc Archives From 1945 To 1954|
1555;|Tennis Balls, Golf Balls, Pencil And Paper|
1556;|Harp|
1557;|Dutch Flower Picture In The Wallace Collection|
1558;|Still Life With Oriental Rug By Henri Matisse|
1559;|Botticelli's Nativity, From The National Gallery|
1560;|Magic Lamp|
1561;|Box Of Rubber Balls|
1562;|Deckchair|
1563;|Red Ink|
1564;|Child's Ball|
1565;|Block Of Stone|
1566;|Bourbon Whiskey|
1567;|Packing Case Of Books, Including A Persian Dictionary|
1568;|Michelangelo's Moses|
1569;|Drawing Of A Lady By Walter Sickert|
1570;|Pipes, Tobacco, Matches And A Compass|
1571;|Case Of Whisky And A Knife|
1572;|Unending Supply Of Afternoon Teas|
1573;|Painting By Camille Pissarro|
1574;|Snowglobe|
1575;|Beginner's Guide To Making Rafts|
1576;|Telescope Or Microscope|
1577;|Watercolour Painting Equipment|
1578;|Chippendale Cabinet|
1579;|Videotape Or Film Of The Full Five-days' Play Of A Test Match|
1580;|Double Bass|
1581;|Cigars And A Dinner Jacket|
1582;|Silk Vests And Pants|
1583;|Michelangelo's The Last Judgement|
1584;|Not Required|
1585;|Bronze Statue Of Poseidon|
1586;|Music Manuscript Paper, Pencils And A Rubber|
1587;|Oboe|
1588;|Broken And Unplayable Pop Record|
1589;|Bertholdo's Apollo|
1590;|Mexican Crystal Skull|
1591;|Head Of Nefertiti From The Berlin Museum|
1592;|Musical Instrument|
1593;|Sports Equipment|
1594;|Training Gear|
1595;|Painting By Michelangelo|
1596;|Pink Champagne|
1597;|Rembrandt's Titus|
1598;|Foam Rubber Sleeping Bag|
1599;|Renoir's The Bar At The Folies Bergere|
1600;|Landscape By Constable|
1601;|Golfing Equipment|
1602;|Horn|
1603;|Salvation Army Crest|
1604;|Piano, Music Manuscript Paper And A Pencil|
1605;|Electric Razor With Batteries|
1606;|Hot-water System|
1607;|Fly-tying Materials|
1608;|Pair Of Braces And A Hot-water System|
1609;|Handkerchiefs|
1610;|Tea Bags|
1611;|Recorder And The 1912 Portrait Of Dame Sybil Thorndike|
1612;|Morning Glory Seeds|
1613;|Pictures|
1614;|Aladdin's Lamp|
1615;|Travel Itinerary|
1616;|Spaghetti|
1617;|Scented Soap|
1618;|Daughters' Two Teddy Bears|
1619;|Safety Razor|
1620;|Drawing Materials|
1621;|Painting By Goya|
1622;|Cine Projector And Circus Films|
1623;|First-aid Kit|
1624;|Rose Trees|
1625;|Piano And Family Photographs|
1626;|Toothpaste|
1627;|Scotch Whisky And Lager|
1628;|Piano And A Conductor's Baton|
1629;|Record Catalogues|
1630;|Woodworker Tools|
1631;|Marine Chronometer|
1632;|Flame Opal|
1633;|Motor Car|
1634;|Photograph Of The Face On The Holy Shroud At Turin|
1635;|Rodin's Danae|
1636;|Music Manuscript Paper And Pencils|
1637;|Gramophone With Slow Speed|
1638;|Toilet Set|
1639;|Daughter's Teddy Bear|
1640;|Film Projector And Cricket Films|
1641;|Concertina|
1642;|Mountain|
1643;|Cricket Bat|
1644;|Theatrical Skip Full Of His Animal Skins|
1645;|Current Popular Newspaper|
1646;|Painting Of The South Wiltshire Countryside|
1647;|Apple Seeds|
1648;|Blue Silk Scarf|
1649;|Metal Construction Set|
1650;|Raphael's The Marriage Of Maria|
1651;|Portrait Of Wife|
1652;|Picasso's The Child And The Dove|
1653;|Penny Whistle|
1654;|Rolls-royce Engine|
1655;|Bronze Statuette Of David By Verrocchio|
1656;|Jamaican Cigars|
1657;|Sport Suit|
1658;|Two Packs Of Cards With Photographs Of Family On The Backs|
1659;|Drawing Board, Paper And Pencils|
1660;|Chess Board With Jade Pieces|
1661;|Watercolour Paints|
1662;|Dog Whip|
1663;|Cine Camera|
1664;|Recorder|
1665;|A Little Money|
1666;|Lump Of Jade|
1667;|Goya's Portrait Of The Duke Of Wellington|
1668;|Carving Tools|
1669;|Asparagus Seed|
1670;|Drawing Materials And A Pillow|
1671;|17th-century Miniature By Peter Oliver|
1672;|Cold Cure, A Pack Of Cards And Writing Materials|
1673;|Ventriloquist's Dummy|
1674;|Underwater Mask|
1675;|Euphonium|
1676;|Crucifix And A Family Photo Album|
1677;|Piece Of Crystal|
1678;|Meerschaum Pipe|
1679;|Compendium Of Parlour Games|
1680;|Yeast|
1681;|Early Chinese Statuette|
1682;|Piano/organ Hybrid|
1683;|Camp Bed|
1684;|Modelling Clay|
1685;|Drawing Equipment|
1686;|The Durer|
1687;|Ticket Home|
1688;|Film Camera|
1689;|White Rug|
1690;|Continental Railway Timetable|
1691;|Painting By Rembrandt|
1692;|Turkish Delight|
1693;|Microfilm Of Bell's Life|
1694;|Epstein Statue|
1695;|Tobacco|
1696;|Telephone (out Of Service)|
1697;|Bed With Mosquito Net|
1698;|Rum|
1699;|Green Havana Cigars|
1700;|Painting Materials And Model Soldiers|
1701;|Soap And A Piano|
1702;|Sports Car And Petrol|
1703;|Radio Set|
1704;|Regency Candelabra|
1705;|Carved Benin Head|
1706;|Waistcoat (his Mascot Since 1903)|
1707;|Film Projector And Films|
1708;|Dressing Case|
1709;|Cine Projector And Films|
1710;|Hans Christian Andersen's Mechanical Bird And Birdcage|
1711;|Cask Of Brandy|
1712;|Picture Of Charlie Chaplin, And A Model Of A Rolls Royce|
1713;|Inflatable Pillow|
1714;|Menu From Maxim's Restaurant, Paris|
1715;|1 Million Pounds In Pound Notes|
1716;|Desk With A Typewriter And Paper|
1717;|Well-stocked Bar|
1718;|Film Projector And Films Of Family|
1719;|Alcohol|
1720;|Indo-chinese Buddha|
1721;|Violin And Champagne|
1722;|Model Theatre|
1723;|Field Glasses, And Modern Plumbing|
1724;|Trombone And Materials For Making A Crystal Radio|
1725;|Barrel Of Beer|
1727;|Cricket-bowling Machine|
1728;|Photograph Of Granny Grove|
1729;|Greenhouse For Growing Orchids|
1730;|Music Manuscript Paper, Pencils, Rubber And Indigestion Tablets|
1731;|Constable's Painting Of Willy Lott's Cottage|
1732;|Picture Of Family With A New York Background|
1733;|Not Paying Tax Or Insurance|
1734;|Champagne-making Kit|
1735;|Pipecleaners|
1736;|Sailing Dinghy|
1737;|Premium Bonds|
1738;|Tennis Practice Wall, Rackets And Balls|
1739;|Woman's Evening Gown|
1740;|Punchbag|
1741;|Snorkel Outfit|
1742;|His Paintbox And Tuba|
1743;|Leonardo Da Vinci's Notebooks|
1744;|Thermos Flask|
1745;|Portrait Of His Wife By Annigoni|
1746;|Painting Of The Virgin Of The Rocks|
1747;|Pleasure Gardens Of Barcelona|
1748;|Atlas|
1749;|Cards And Guitar|
1750;|Cricket Ball And A Piano|
1751;|Botticelli's Primavera|
1752;|Racing-form Books|
1753;|Hair Restorer|
1754;|Live Performance Of A Midsummer Night's Dream At The Open Air Theatre, Regent's Park|
1755;|Box Of Books|
1756;|Landscape Painting By Ivon Hitchins|
1757;|Photograph Of His Wife And Baby Son|
1758;|Painting, Selected From The National Gallery|
1759;|Barrel Of Wine|
1760;|Pair Of Wife's Earrings|
1761;|Rose Bush|
1762;|Easel And Oil Painting Equipment|
1763;|The Moscopherus An Ancient Greek Sculpture|
1764;|Five-ton Block Of Lead As Keel For Schooner|
1765;|Back Number Of The New Yorker|
1766;|Autograph Letters Of Lord Nelson|
1767;|Longest Bar Of Soap In The World|
1768;|Seaside Pier With Slot Machines Etc|
1769;|Dog|
1770;|Underwater Breathing Apparatus|
1771;|Novelist|
1772;|Red And White Wine|
1773;|Painting Of Mushrooms By William Nicholson|
1774;|Figure Of An Urchin|
1775;|Corkscrew|
1776;|Ivory Pig|
1777;|Eddie Gray's Juggling Equipment|
1778;|Violin And Instructions|
1779;|Pin-up Picture|
1780;|Eyeglass|
1781;|Yellow Waistcoat|
1782;|Hairnets|
1783;|Cake|
1784;|Radio Transmitter|
1785;|Pack Of Cards For Bridge|
1786;|Kelly Man|
1787;|Radio And Tv Receiver|
1788;|His First Ukelele|
1789;|Trainable Animal|
