Jackie Mason,1
Patsy Rodenburg,1
Brian Moore,1
Baron Prescott of Kingston upon Hull,1
James Corden,1
Denise Lewis,1
David Attenborough,4
Vikram Seth,1
Paul Johnson,1
Dame Monica Mason,1
Terry Wogan,3
Professor Brian Cox,1
Julian Fellowes Baron Fellowes of West Stafford,1
Eve Pollard,1
Sir Martin Sorrell,1
Bear Grylls,1
Robert Hardy,2
Anna Scher,1
Francesca Simon,1
Victor Adebowale Baron Adebowale of Thornes,1
Mark Gatiss,1
Michael Johnson,1
Vidal Sassoon,2
Anne Wood,1
Arthur Edwards,1
Martin Clunes,1
Danny Baker,1
Heather Rabbatts,1
Michael McIntyre,1
Reverend John Graham,1
Tony Robinson,1
Dame Harriet Walter,1
Len Goodman,1
Andrea Levy,1
Alfie Boe,1
Roger Waters,1
Debbie Harry,1
Kwame Kwei-Armah,1
Molly Parkin,1
Professor David Phillips,1
Cath Kidston,1
Felicity Green,1
Terry Gilliam,1
Martin Sheen,1
Dame Anne Owers,1
Lawrence Dallaglio,1
Celia Imrie,1
Howard Jacobson,1
Jon Snow,1
Betty Driver,1
Rt Hon Alex Salmond,1
Gyles Brandreth,1
Tony Iveson,1
Sandie Shaw,1
Nick Park,1
Sir Torquil Norman,1
Frances Wood,1
Robert Harris,2
Alice Cooper,1
Anna del Conte,1
Ian McMillan,1
Lang Lang,1
Rt Hon Nick Clegg MP,1
Michael Mansfield QC,1
Sarah Doukas,1
Johnny Vegas,1
Sir Tom Jones,1
Kathy Burke,1
Lord Cobbold,1
Jimmy Mulville,1
Lynn Barber,1
Tim Robbins,1
Dr Gwen Adshead,1
Dame Fanny Waterman,1
Tony Adams,1
Lewis Gilbert,1
Frank Skinner,1
Gyorgy Pauk,1
Dame Stephanie Shirley,1
Rob Brydon,1
Fay Weldon,2
Emma Thompson,1
Frank Cottrell-Boyce,1
Duncan Bannatyne,1
Maggie Aderin-Pocock,1
June Spencer,1
Sir Clive Woodward,1
Professor Jim Al-Khalili,1
Gok Wan,1
Mary Beard,1
Frank Warren,1
James Ellroy,1
Mary Portas,1
John Copley,1
David Tennant,1
Sir Michael Caine,1
Lord Sebastian Coe,2
Rt Hon Baroness Scotland,1
Morrissey,1
Sir Stuart Rose,1
Julia Donaldson,1
Anthony Julius,1
Jerry Springer,1
Professor Colin Pillinger,1
Jan Pienkowski,1
Steve Coogan,1
Dame Ellen MacArthur,1
Barry Manilow,1
Roberto Alagna,1
Dame Joan Bakewell,2
Nicky Haslam,1
Hugh Fearnley-Whittingstall,1
David Mitchell,1
Professor Hugh Pennington,1
Harvey Goldsmith,1
Arlene Phillips,1
Martin Shaw,1
Lord Denis Healey,2
Piers Morgan,1
Countess Caroline Of Cranbrook,1
Barry Humphries,2
Peter Sallis,1
Whoopi Goldberg,1
Sebastian Faulks,1
Athene Donald,1
Baaba Maal,1
Richard Madeley,1
Lord Rix,2
David Walliams,1
Professor Dame Kay Davies,1
David Suchet,1
Thomas Quasthoff,1
Alan Sillitoe,1
Rt Hon Vincent Cable MP,1
Ruth Padel,1
Simon Murray,1
Baroness Haleh Afshar,1
James Nesbitt,1
Michael Deeley,1
Marcus Du Sautoy,1
Michael Eavis,1
Janet Street-Porter,1
Rt Hon David Davis MP,1
Allan Ahlberg,1
Shami Chakrabarti,1
Ian Bostridge,1
Randy Newman,1
Sanjeev Bhaskar,1
David McVicar,1
Miriam Margolyes,1
Ruthie Henshall,1
A C Grayling,1
Richard Ingrams,2
Lady Antonia Fraser,2
John Stefanidis,1
Felicity Lott,1
Antonio Carluccio,1
Posy Simmonds,1
Ara Darzi,1
Peter Carey,1
Bill Bailey,1
Lord Woolf,1
Howard Goodall,1
Diane Abbott MP,1
Annie Lennox,1
Penelope Wilton,1
Stanley McMurtry,1
Tariq Ali,1
Liz Smith,1
Michael Ball,1
David Dimbleby,2
Martin Evans,1
Oleg Gordievsky,1
Dame Beryl Bainbridge,2
Rory Stewart,1
Simon Rattle,2
John Humphrys,1
Karren Brady,1
Victoria Wood,2
Paul Weller,1
Alec Jeffreys,1
Steven Isserlis,1
Armistead Maupin,1
Eliza Manningham-Buller,1
Jung Chang,1
Nicholas Parsons,1
Lord Joffe,1
Ronnie Corbett,2
Jill Balcon,2
Rt Hon Alan Johnson MP,1
George Michael,1
Vladimir Jurowski,1
Felix Dennis,1
Andrew Davies,1
Nicola Horlick,1
Thomas Keneally,2
Oliver Postgate,1
Simon Russell Beale,1
Wangari Maathai,1
Ricky Gervais,1
Christy Moore,1
Yoko Ono,1
Tom Blundell,1
Paul McKenna,1
Greg Dyke,1
Joanna Lumley,2
Ben Helfgott,1
Professor Raymond Tallis,1
Jo Brand,1
Andy Kershaw,1
J P Donleavy,1
Andrew Neil,1
Grayson Perry,1
Paul Abbott,1
Neil Tennant,1
Brian Aldiss,2
Ann Daniels,1
Edna O'Brien,2
Lady Natasha Spender,1
Anthony Horowitz,1
Gloria Hunniford,1
Arnold Wesker,2
Karl Jenkins,1
Raymond Gubbay,1
Matt Lucas,1
Stephen King,1
Lord Stevens,1
Humphrey Lyttelton,2
Heston Blumenthal,1
Camila Batmanghelidjh,1
Robert Fisk,1
Jane Horrocks,1
Quentin Blake,1
Dame Joan Plowright,2
A A Gill,1
Simon Cowell,1
Michael Rosen,1
David Edgar,1
Dr Hanna Segal,1
Ian Rankin,1
Monty Don,1
Lord Browne,1
Peter Mansfield,1
George Davies,1
Armando Iannucci,1
Rt Hon David Cameron MP,1
Sir Digby Jones,1
Darcey Bussell,1
Daniel Barenboim,1
Terence Stamp,2
Jack Higgins,2
Rachel Whiteread,1
Frederic Raphael,2
Karen Armstrong,1
Jeremy Irons,2
Shirley Williams,2
John Sutherland,1
Frankie Dettori,1
Richard Griffiths,1
Kelly Holmes,1
John Rutter,1
Maggi Hambling,1
David Hope,1
Colin Firth,1
Sir David Frost,3
Mary Midgley,1
Renee Fleming,1
Chris Evans,1
Boris Johnson MP,1
Mario Testino,1
Jacqueline Wilson,1
Michael Winner,1
Frank Gardner,1
Julian Clary,1
Brenda Blethyn,1
Ronald Searle,2
Paulo Coelho,1
Ruby Wax,1
Alexander McCall Smith,1
Betsy Blair,1
Nigel Slater,1
Satish Kumar,1
David King,1
Imelda Staunton,1
Josephine Cox,1
Katharine Whitehorn,2
Jarvis Cocker,1
Patrick Stewart,1
Philippe Petit,1
Lorin Maazel,2
Yvonne Brewster,1
Raymond Briggs,2
Stephen Poliakoff,1
Alison Richard,1
Geoffrey Palmer,1
David Starkey,1
Peter Maxwell Davies,2
Dr Jonathan Miller,2
Sam Taylor-Wood,1
Andy McNab,1
Carlos Acosta,1
Kim Cattrall,1
Engelbert Humperdinck,1
John Fortune,1
Sir Bobby Robson,2
Tracey Emin,1
Clive Stafford Smith,1
Matthew Bourne,1
Ann Leslie,1
Matthew Pinsent,1
Jack Mapanje,1
Rt Hon Sir Menzies Campbell MP,1
Anne Scott James,1
Desmond Morris,2
Virginia McKenna,2
Joe Simpson,1
Hugh Masekela,1
Rt Hon Michael Howard MP,1
Tim Rice,2
Diana Athill,1
Karan Bilimoria,1
Geraldine James,1
Sir Ken Adam,1
Pen Hadow,1
U A Fanthorpe,1
Graham Norton,1
Antonio Pappano,1
Bernard Cornwell,1
Michael Morpurgo,1
Angela Gheorghiu,1
Jack Vettriano,1
Ralph Kohn,1
Bill Nighy,1
Sir Gulam Noon,1
Judith Kerr,1
John Cale,1
Sacha Distel,2
Sister Frances Dominica,1
Rt Hon Lord Sainsbury,2
Paul Dacre,1
Stephen Frears,1
Jimmy Tarbuck,2
Martha Lane Fox,1
Paul O'Grady,1
Emmylou Harris,1
Nicholas Grimshaw,1
Pat Barker,1
Henry Blofeld,1
Sir Christopher Meyer,1
Jeremy Clarkson,1
Christopher Frayling,1
Rt Hon Charles Kennedy MP,1
Bill Cullen,1
Herbert Kretzmer,1
Nigella Lawson,1
Nick Hornby,1
Bryn Terfel,1
Barbara Taylor Bradford,2
Daniel Libeskind,1
Bishop John Sentamu,1
Mark Tully,1
Vittorio Radice,1
Meera Syal,1
Derek Brown,1
Franco Zeffirelli,2
George Fenton,1
Professor A H Halsey,1
Rory Bremner,1
Margaret Atwood,1
David Gilmour,1
Kristin Scott Thomas,1
Claude-Michel Schonberg,1
Nick Danziger,1
Vic Reeves,1
Gene Pitney,1
George Clooney,1
Cornelia Parker,1
Sir Ian McKellen,2
Paul Whitehouse,1
Sir Trevor Nunn,2
Professor Baruch Blumberg,1
Gillian Anderson,1
George Foreman,1
Patricia Cornwell,1
Rowan Williams,1
Sinead Cusack,2
Linton Kwesi Johnson,1
John Malkovich,1
Rt Hon Iain Duncan Smith MP,1
Christopher Ondaatje,1
Marguerite Wolff,1
Rt Hon Robin Cook MP,1
P D James,2
Carl Djerassi,1
Paul Gambaccini,1
Philip Pullman,1
Dame Alicia Markova,2
Timothy Spall,1
Brian May,1
Alan Titchmarsh,1
Minette Walters,1
Countess Elizabeth Longford,2
Jan Morris,2
Leonard Rosoman,1
Sue Johnston,1
Suggs,1
Sir Aaron Klug,1
Jude Kelly,1
Betty Jackson,1
Wayne Marshall,1
Sir Christopher Bland,1
Fiona Reynolds,1
Gordon Ramsay,1
Dorothy Rowe,1
Fay Godwin,1
Dame Beryl Grey,2
Lord May,1
Sue MacGregor,1
Kazuo Ishiguro,1
Sir Paul Nurse,1
David Linley,1
Phyllis Sellick,1
Bob Worcester,1
Susana Walton,1
Sir Peter Morris,1
Ewan McGregor,1
Jamie Oliver,1
Anne Fine,1
Cameron Mackintosh,1
Rt Hon William Hague MP,1
Ken Follett,1
Billy Connolly,2
Simon Schama,1
Lord Roll,1
Bruce Fogle,1
Joss Ackland,2
Lord Deedes,1
Claudia Roden,1
Cormac Murphy O'Connor,1
Martin Bell,1
Peggy Seeger,1
Sir Stanley Kalms,1
Sir Harry Kroto,1
Frank McCourt,1
Sir Kyffin Williams,1
Sir Thomas Allen,2
Courtney Pine,1
Sir Timothy Clifford,1
Sir John Sulston,1
Margaret Drabble,2
Tasmin Little,1
Chris Tarrant,1
Ronald Blythe,1
Tanni Grey Thompson,1
Sir Alec Broers,1
Shirley Hughes,1
Professor Peter Vanezis,1
Henry Sandon,1
John Lill,2
Charlie Watts,1
Professor Sir Richard Doll,1
Griff Rhys Jones,1
Sir John Mortimer,3
Terry O'Neill,1
Marguerite Patten,1
George MacDonald Fraser,2
Marquess Of Bath,2
Stephen Sondheim,2
Norman Painting,1
Professor Jocelyn Bell Burnell,1
Richard Briers,2
Tim Smit,1
Tina Brown,1
Albie Sachs,1
Des Lynam,1
J K Rowling,1
Ronald Harwood,1
Christopher Lloyd,1
Robert Swan,1
Sir Norman Wisdom,2
General Sir Charles Guthrie,1
Sir Roger Penrose,1
Rt Hon Michael Portillo MP,1
Alan Parker,2
Peter Nichols,2
Dr Max Perutz,1
Donald Sutherland,1
Clive James,2
Professor Geza Vermes,1
John Bird,3
Dame Norma Major,1
Kathleen Turner,1
Sir John Mills,3
Sir Peter Bonfield,1
Leonard Slatkin,1
Sir Anthony Caro,1
Claire Tomalin,1
Harold Evans,1
Adrian Noble,1
Al Alvarez,1
Colin Montgomerie,1
Robert McCrum,1
Sheila Hancock,2
Michael Holroyd,2
Professor Stuart Hall,1
Simon Callow,1
Peter Melchett,1
Neil Jordan,1
Ian McEwan,1
Dr Jane Goodall,1
Sir Andrew Lloyd Webber,2
Michael Crawford,3
Michael Nyman,1
Oz Clarke,1
Sir Richard Sykes,1
Warren Mitchell,2
Clarissa Dickson Wright,1
William Gibson,1
Willard White,1
Ralph Fiennes,1
Rolf Harris,2
Rita Dove,1
Sir Roger Norrington,1
Patricia Routledge,2
Rick Stein,1
Rod Steiger,1
Martin Pipe,1
Paddy Moloney,1
Igor Aleksander,1
Rt Hon Ann Widdecombe MP,1
James Dyson,1
John Barry,2
Chris Bonington,2
Anthony Howard,1
Christopher Bruce,1
Michael Green,1
Richard Dreyfuss,1
Helen Bamber,1
Stan Tracey,1
Ken Loach,1
Paco Pena,2
Richard Dunwoody,1
Luise Rainer,1
Rt Hon Mo Mowlam MP,1
Fay Maschler,1
Sir Charles Mackerras,3
Richard Curtis,1
Maria Ewing,1
Nina Cassian,1
Andras Schiff,1
Bill Bryson,1
Ruth Prawer Jhabvala,1
David Shepherd,2
Claire Hollingworth,1
Dave Brubeck,2
Bob Monkhouse,1
Dick Francis,2
John Keegan,1
Eileen Atkins,1
Bill Morris,1
Nicole Kidman,1
Joseph Rotblat,1
Paul Daniel,1
Lucy Gannon,1
Ralph Koltai,1
Les Murray,1
David Hempleman Adams,1
Ralph Steadman,1
Chris De Burgh,1
Howard Brenton,1
Rt Hon Jack Straw MP,1
Sybille Bedford,1
Jack Rosenthal,1
Bill Kenwright,1
Geoffrey Smith,1
John Harle,1
Sir David Willcocks,1
Antony Gormley,1
Susan Blackmore,1
Sir Ernest Hall,1
Sir Terry Frost,1
Judi Dench,2
Gavin Bryars,1
Alice Thomas Ellis,1
Andrew Motion,1
Ian Stewart,1
Sir Anthony Dowell,2
Archie Norman MP,1
David Pountney,1
Richard Noble,1
Colin Dexter,1
Helena Kennedy QC,1
John Tomlinson,1
Paul Hogarth,1
Professor Heinz Wolff,1
Glenda Jackson MP,1
Sir Harry Secombe,2
Chris Haskins,1
Paula Rego,1
Loyd Grossman,1
Thelma Holt,1
Anthony Minghella,1
John Julius Norwich,2
Richard Mabey,1
Richard Rodney Bennett,2
Rose Tremain,1
Jools Holland,1
Peter O'Sullevan,1
Mike Leigh OBE,1
Ursula Owen,1
Sir Frank Kermode,1
Cleo Laine,2
Iain Banks,1
Eric Sykes,2
Christina Noble,1
Benjamin Zephaniah,1
Joanna MacGregor,1
Sian Phillips,2
Harry Enfield,1
David Wynne,2
Sir Martin Rees,1
Andy Hamilton,1
Saeed Jaffrey,1
Virginia Ironside,1
Peter Blake,2
Nina Campbell,1
Redmond O'Hanlon,1
Dr Susan Greenfield,1
Nico Ladenis,1
Mary Benson,1
Terry Pratchett,1
Gene Wilder,1
Irene Thomas,2
John Cleese,2
Martin Amis,1
Jennifer Saunders,1
Ian Dury,1
Robert Winston,1
Bruce Forsyth,2
Rt Hon Tony Blair MP,1
Tessa Sanderson,1
Sir Laurens van der Post,2
Chris Patten,1
Jancis Robinson,1
Jackie Charlton,2
Rumer Godden,2
Lewis Wolpert,1
Ben Elton,1
Fran Landesman,1
Kevin Whately,1
Professor Colin Blakemore,1
Sir Terence Conran,1
Anita Lasker-Wallfisch,1
Andre Previn,2
Quentin Crewe,2
Peggy Mount,2
Gerry Robinson,1
Michael White,1
Janet Holmes a Court,1
Hugh Laurie,1
Pauline Quirke,1
Mitsuko Uchida,1
Hanif Kureishi,1
Viscount Rothermere,1
Dickie Bird,1
Simon Weston,1
Kyra Vayne,1
Lord Alexander,1
Rt Hon Gordon Brown MP,1
Sir Roy Calne,1
Professor George Steiner,1
Susan Hill,2
Eve Arnold,1
Julian Barnes,1
Chili Bouchier,1
Jimmy McGovern,1
Christopher Hampton,1
Lady Margaret Tebbit,1
Petula Clark,3
Barbara Dickson,1
Alison Steadman,1
George Martin,2
Umberto Eco,1
Rt Hon Gillian Shephard MP,1
Elizabeth Jane Howard,2
Don Black,1
Richard Hoggart,1
Alan Yentob,1
Jenny Pitman,1
Maurice Saatchi,1
Max Nicholson,1
John Updike,1
Wendy Richard,1
Duke Of Westminster,1
Jasper Conran,1
Sir Magdi Yacoub,1
John Lee Hooker,1
Brian Blessed,1
Marianne Faithfull,1
Sir Bernard Ingham,1
Neil Simon,1
Dr George Carey,1
Pete Waterman,1
George Lloyd,1
Hugh Grant,1
James Bowman,1
Nina Bawden,1
Felix Aprahamian,1
Nigel Nicolson,1
Professor Eric Hobsbawm,1
Christopher Lee,1
Jimmy Knapp,1
Sir Adrian Cadbury,1
Dr Richard Dawkins,1
Phil Redmond,1
Patricia Hodge,1
Alan Clark,1
David Jason OBE,1
Penelope Hobhouse,1
Margaret Forster,1
Sir Howard Hodgkin,1
Glenys Kinnock,1
Berthold Goldschmidt,1
Archbishop Desmond Tutu,1
Kathleen Hale,1
Lynda La Plante,1
Sir George Christie,1
Jeanette Winterson,1
Professor James Fenton,1
Mary Stott,1
John Tavener,1
Joanna Trollope,1
Rabbi Hugo Gryn,1
Derek Jameson,1
John Drummond,1
Brian Sewell,1
Zoe Wanamaker,1
Milton Shulman,1
Peter Scudamore,1
Britt Ekland,1
Kate Adie,1
Sir John Wilson,1
Garrison Keillor,1
Trevor McDonald,1
Alan Hacker,1
Roger McGough,1
Sir Ranulph Fiennes,2
Conrad Black,1
Christina Dodwell,1
Frances Partridge,1
Rt Hon Kenneth Clarke MP,1
Rosemary Verey,1
Douglas Adams,1
Dame Cicely Saunders,1
Willy Russell,1
Sir Harrison Birtwistle,1
Ian Hislop,1
Oliver Sacks,1
Lord Ashley,1
Phil Collins,1
Taki,1
Doris Lessing,1
Shirley Anne Field,1
Sybil Marshall,1
Judge Stephen Tumin,1
Kenny Everett,1
Raymond Seitz,1
Lesley Garrett,1
Rt Hon Virginia Bottomley MP,1
Lord Palumbo,1
Paul Merton,1
Isabel Allende,1
Nicholas Hytner,1
Peter Mayle,1
Sir Leon Brittan,1
Joan Baez,1
Rt Hon Betty Boothroyd MP,1
Frank Bruno,1
Kaye Webb,1
Lord Weinstock,1
Eva Burrows,1
John Cole,1
John Boorman,1
Baroness Blackstone,1
Anton Edelmann,1
Lord Oaksey,1
Richard Gregory,1
David Croft,1
Ken Livingstone MP,1
Elijah Moshinsky,1
Sir Robin Butler,1
Anthony Storr,1
Evelyn Glennie,1
Dervla Murphy,1
Barbara Mills QC,1
Elizabeth Jennings,1
Stephen Hawking,1
Paul Smith,1
Professor Ghillean Prance,1
Carmen Callil,1
Lord Tebbit,1
John Eliot Gardiner,1
Christabel Bielenberg,1
General H Norman Schwarzkopf,1
Gavin Laird,1
Julie Andrews,2
Juliet Stevenson,1
Chad Varah,1
Raymond Blanc,1
Penelope Leach,1
Bob Geldof,1
Rt Hon David Mellor MP,1
Sir Peregrine Worsthorne,1
Mohamed Amin,1
Clare Short MP,1
Vivienne Westwood,1
Terry Waite,1
Robert Lindsay,1
Duncan Goodhew,1
Prunella Scales,1
Lord Chief Justice Taylor,1
Michael Grade,1
Will Carling,1
Marchioness Of Tavistock,1
Anthony Rolfe Johnson,1
Sir Ernst Gombrich,1
Lady Soames,1
Sir Isaiah Berlin,1
Jocelyn Stevens,1
Dr Steve Jones,1
Elvis Costello,1
Sir Roger Bannister,1
Robbie Coltrane,1
J G Ballard,1
John Major,1
Reverend David Jenkins,1
Steven Berkoff,1
Gorden Kaye,1
Sue Townsend,1
Fred Dibnah,1
Dilys Powell,2
James Lovelock,1
Lord Delfont,1
E P Thompson,1
Alan Alda,1
Elizabeth Esteve-Coll,1
John Schlesinger,2
Imran Khan,1
David Bailey,1
Klaus Tennstedt,1
John Banham,1
Bernice Rubens,1
Maxwell Hutchinson,1
Alan Bleasdale,1
Lord Shawcross,1
Ron Todd,1
John Hegarty,1
A S Byatt,1
Derek Walcott,1
Marco Pierre White,1
Rt Hon John Smith,1
John Simpson,1
Cecil Lewis,1
Dame Shirley Porter,1
Dr Jonathan Sacks,1
Lord King,1
Naomi Mitchison,1
Marti Caine,2
Sir Trevor Holdsworth,1
Jeffrey Bernard,1
Sir Denis Forman,1
Ronald Eyre,1
Dame Ninette De Valois,2
Paddy Ashdown MP,1
Professor Ralf Dahrendorf,1
Brian Eno,1
Fred Zinnemann,1
Adelaide Hall,2
Lord Goodman,1
Keith Floyd,1
Brian Keenan,1
Sir Eduardo Paolozzi,1
Baroness Trumpington,1
Elisabeth Welch,2
Rt Hon Barbara Castle,1
Lord Annan,1
Nicholas Snowman,1
Ernie Wise,1
Clive Jenkins,1
John Thaw,1
Gary Lineker,1
Barbara Windsor,2
Dr Ruth Westheimer,1
Lord Charteris,1
Robin Knox-Johnston,2
Jean Rook,1
Peter Jonas,1
Kaffe Fassett,1
George Carman QC,1
Harold Fielding,1
Maeve Binchy,1
Ken Dodd,2
Rt Hon David Blunkett MP,1
Jonathan Pryce,1
Molly Keane,1
Prue Leith,1
June Whitfield,2
Mary Wesley,1
Sir Crispin Tickell,1
Rt Hon John Biffen MP,1
Richard Rogers,1
Professor Sir George Porter,1
Sir Ian Trethowan,1
John Sessions,1
John Pilger,1
Michael Tilson Thomas,1
Sarah Miles,1
Lord Weidenfeld,1
Sir Robin Day,2
John Peel,1
Dennis Skinner,1
Dirk Bogarde,2
HRH The Duchess of Kent,1
Pauline Collins,1
Rt. Hon. Nigel Lawson,1
Lady Mosley,1
Seamus Heaney,1
Michael Codron,1
Ian Botham,1
Colin Thubron,1
Alan Plater,1
Jack Lemmon,1
Lucinda Lambton,1
John Ogdon,2
Penelope Lively,1
Eric Clapton,1
Dame Vera Lynn,2
Sir Thomas Armstrong,1
Ned Sherrin,1
Mark McCormack,1
Joan Collins,2
Maria Aitken,1
Jonathon Porritt,1
Richard Branson,1
Sir Nicholas Henderson,1
Katharine Hamnett,1
Thora Hird,2
Lenny Henry,1
Lady Redgrave,1
Miriam Rothschild,1
Lord Roy Jenkins,1
Leslie Grantham,1
Sir Stephen Spender,2
Gerald Scarfe,1
Dame Josephine Barnes,1
David Hare,1
Enoch Powell,1
Jeffrey Tate,1
Rocco Forte,1
Joan Armatrading,1
Boy George,1
Tony Benn,1
Twiggy,1
Most Rev Robert Runcie,1
Edward Heath,1
Charles Dance,1
Lady Warnock,1
Stephen Fry,1
Bob Champion,1
Bob Hoskins,1
Sir Claus Moser,1
Germaine Greer,1
Rt. Hon. Michael Foot,1
Cilla Black,2
Athene Seyler,2
Bishop Trevor Huddleston,1
Salman Rushdie,1
Peter Donohoe,1
Alfred Wainwright,1
Anita Dobson,1
Lord Dacre of Glanton (Hugh Trevor-Roper),1
Patricia Neal,1
Reverend Ian Paisley,1
Joan Turner,1
Lord Armstrong,1
Dame Edna Everage,1
David Essex,1
David Owen,1
Jeremy Isaacs,1
Gwen Ffrangcon-Davies,2
Rt. Hon. Douglas Hurd,1
Anton Mosimann,1
Rabbi Lionel Blue,1
Anita Roddick,1
Rowan Atkinson,1
Peggy Makins,1
Neil Kinnock,1
Michael Gambon,1
Mary Archer,1
Arthur Scargill,1
Jane Asher,1
Quintin Hogg,1
Brendan Foster,1
James Burke,1
Stephanie Beacham,1
Dennis Potter,2
William Davis,1
Margaret Kelly - Miss Bluebell,1
Lord Donoughue,1
Gemma Craven,1
Rt. Hon. Michael Heseltine,1
Adele Leigh,2
Lew Grade,1
Antony Sher,1
Vernon Scannell,1
Barry Cryer,1
Robert Carrier,2
Sue Lawley,1
Bamber Gascoigne,1
Bernard Levin,1
Sir James Callaghan,1
Lord Killanin,1
Lulu,1
Jacques Loussier,2
Peter West,1
Kitty Godfree,1
Lord Montagu,1
Susan George,1
Frances Edmonds,1
Maya Angelou,1
Kenneth Williams,2
Lucinda Green,1
Elaine Paige,1
Robert Maxwell,1
Frank Bough,1
Michael Bogdanov,1
Julian Critchley,1
Anthony Andrews,1
Peter Alliss,1
David Penhaligon,1
Dora Bryan,2
Johnny Mathis,1
Sir Nicholas Goodison,1
Ken Russell,1
Sir Michael Hordern,2
Peter Fluck &amp; Roger Law,1
Baroness (Sue) Ryder of Warsaw,1
Jeremy Lloyd,1
James Prior,2
Tony Bennett,2
Benny Green,1
Jackie Collins,1
Nigel Hawthorne,1
Captain John Ridgway,1
Hal Prince,1
Kingsley Amis,2
Albert &amp; Michel Roux,1
Phil Edmonds,1
Sir Fred Hoyle,2
Sir Ian MacGregor,1
Richard Condon,1
Suzi Quatro,1
James Herbert,1
Andrew Davis,1
Auberon Waugh,1
Stan Barstow,2
Jane Lapotaire,1
Virginia Holgate,1
Norman Lewis,1
Roger Vadim,1
Sir Geoffrey Howe,1
Sir David Wilson,1
Brian Redhead,1
Anne-Sophie Mutter,1
Jackie Stewart,1
Max Hastings,1
Ismail Merchant,1
Elton John,1
Arthur Hailey,1
Jane Glover,1
Ron Pickering,1
John Dankworth,2
Selina Scott,1
Ben Kingsley,1
Bruce Oldfield,1
Dennis Taylor,1
Roy Hattersley,1
Maureen Lipman,1
Nigel Kennedy,1
Sheila Steafel,1
Rt Hon David Steel MP,1
Robert Burchfield,1
Joseph Allen,1
Doris Stokes,1
Jimmy Savile,1
Richard Eyre,1
Gordon Beningfield,1
Alison Lurie,1
Jorge Bolet,1
Anthony Hopkins,1
Michael Elkins,1
Elly Ameling,1
Julie Walters,1
Madhur Jaffrey,1
John Harvey-Jones,1
Tom Stoppard,1
Sir Michael Tippett,2
Ray Cooney,1
Sir John Burgh,1
Miklos Rozsa,1
Robin Hanbury-Tenison,1
David Puttnam,1
Vernon Handley,1
Tom Sharpe,1
David Rendall,1
Jonathan Lynn,1
Michael Ffolkes,1
John Surman,1
John Hurt,1
Alfred Eisenstadt,1
Gerry Cottle,1
Catherine Cookson,1
George Abbott,1
Ved Mehta,1
Willie Rushton,1
Ron Goodwin,1
Gayatri Devi,1
Sir Alfred Ayer,1
Natalia Makarova,1
Vlado Perlemuter,1
Lord Rothschild,1
Zubin Mehta,1
Hugh Johnson,1
Rosalind Plowright,1
Leo McKern,1
David Lodge,1
Lucy Irvine,1
Christopher Reeve,1
Paul Tortelier,2
'Honest' Ed Mirvish,1
Michael Quinn,1
Don McCullin,1
Gerald Priestland,1
Michael York,1
Woody Herman,1
Lord Elwyn-Jones,1
Stubby Kaye,1
HRH Princess Michael of Kent,1
David Gower,1
Bertice Reading,1
M M Kaye,1
James Stewart,2
John Piper,2
Marvin Hamlisch,1
Sir Hugh Greene,1
Sir Peter Hall,2
Shirley MacLaine,1
Linda Esther Gray,1
Topol,1
Mollie Harris,1
Rosemary Sutcliff,1
Ian Richardson,1
Lionel Hampton,1
Charlotte Lamb,1
Paul Jones,1
Cindy Buxton &amp; Annie Price,1
Malcolm Bradbury,1
Peter Bull,1
Sir Frederick Gibberd,1
Keith Waterhouse,1
John Gunter,1
Sir John Pritchard,1
Julian Bream,2
Terry Jones,1
Fleur Cowles,1
Sir Peter Pears,2
Sir Alan King-Hamilton,1
Arthur English,1
A N Wilson,1
Max Boyce,1
Geoffrey Moorhouse,1
Ruggiero Ricci,1
James Fox,1
Michael Wood,1
Douglas Reeman,1
Kenneth Macmillan,1
Tom Keating,1
James Ivory,1
Zandra Rhodes,1
Beryl Reid,2
Tim Severin,1
Gwyneth Jones,1
Baroness Maria Von Trapp,1
Steve Davis,1
Rachel Billington,1
Mary Ellis,2
Gyorgy Ligeti,1
Alan Price,1
Helen Mirren,1
Rosamond Lehmann,1
Rt Hon. George Thomas,1
Mike Harding,1
Geoffrey Grigson,1
"N.Busch, J.Kuchmy, M.Parry, M.Wilson",1
David Lloyd Jones,1
Wilbur Smith,1
Carlo Curley,1
James Loughran,1
Claire Bloom,2
Duke &amp; Duchess of Devonshire,1
Carl Davis,1
Donald Sinden,2
Dame Janet Baker,2
Lyall Watson,1
Pamela Stephenson,1
Captain Jacques Cousteau,1
Eric Newby,1
Sir Anton Dolin,2
Delia Smith,1
Desmond Hawkins,1
Marti Webb,1
Julian Symons,1
Lucia Popp,1
Jenny Agutter,1
Dorothy Dunnett,1
Julia McKenzie,1
Richard Armstrong,1
Sir William Walton,2
Lord Bernard Miles,2
George Chisholm,2
Dame Eva Turner,2
John Osborne,2
Sir Christopher Leaver,1
Professor J K Galbraith,1
Paul McCartney,1
Frankie Howerd,2
Angela Rippon,1
Martin Gilbert,1
Trevor Brooking,1
Earl of Harewood,2
Helene Hanff,1
Alan Howard,1
Sir Douglas Bader,1
Diana Dors,2
James Clavell,1
Professor Glyn Daniel,1
Patrick Lichfield,1
Joseph Cotten,1
Elspeth Huxley,1
Montserrat Caballe,1
Beaux Arts Trio,1
James Mason,2
Malcolm Muggeridge,2
Jessye Norman,1
Alan Jones,1
Frank Oz,1
Paul Eddington,1
Terry Hands,1
Julian Lloyd Webber,1
Roger Moore,1
Carl Sagan,1
Gillian Lynne,1
Gloria Swanson,1
Morris West,1
Giuseppe Di Stefano,1
Richard Leakey,1
Rt Hon William Whitelaw,1
Eric Shilling,1
Edmund Rubbra,1
Sir John Gielgud,2
Buddy Rich,1
Sir Frederick Ashton,2
Stewart Granger,2
Princess Grace of Monaco,1
Sir Fitzroy MacLean,2
Gary Glitter,1
Patricia Ruanne,1
Russell Harty,1
Daniel Massey,1
Carla Lane,1
David Broome,1
Mary O'Hara,1
Jeffrey Archer,1
HRH Princess Margaret,1
John Fowles,1
Robin Cousins,1
Placido Domingo,1
Arthur Askey,4
Neville Marriner,1
Jose Carreras,1
Alan Minter,1
Tom Conti,1
Jacquetta Hawkes,1
Mark Elder,1
Derek Tangye,1
Catherine Gaskin,1
Brian Glover,1
Sir John Tooley,1
Ronald Lockley,1
Andrea Newman,1
Michael Powell &amp; Emeric Pressburger,1
Antal Dorati,2
Earl Of Snowdon,1
Renata Scotto,1
Tristan Jones,1
William Trevor,1
Gregory Peck,1
David Scott Blackhall,1
Daley Thompson,1
Tom Lehrer,1
V S Naipaul,1
Barbara Woodhouse,1
General Sir John Hackett,1
Freddie Jones,1
Robert Tear,1
Earl Hines,2
Rt Hon Lord Denning,1
Natalie Wood,1
Lindsay Anderson,1
Salvatore Accardo,1
Erich Segal,1
Leonard Rossiter,1
Commissioner Catherine Bramwell-Booth,1
Donald Pleasence,1
Frances Perry,1
Geoffrey Household,1
Kiri Te Kanawa,1
Susannah York,1
Timothy West,1
Claudio Abbado,1
Otto Preminger,1
Sir Cecil Beaton,1
Dizzy Gillespie,1
Sir Peter Parker,1
Reginald Goodall,1
Kyung-Wha Chung,1
Sir Osbert Lancaster,2
Norman Mailer,1
Elisabeth Soderstrom,1
Charles Causley,1
Peter Shaffer,1
Michael Palin,1
Roald Dahl,1
Rex Harrison,1
Josephine Barstow,1
Wilfred Thesiger,1
Pam Ayres,1
Ted Allbeury,1
Richard Buckle,1
June Mendoza,1
Peter Barkworth,1
Barry Norman,1
Boris Christoff,1
Sir Ralph Richardson,2
Dame Moura Lympany,2
Dick Clements &amp; Ian La Frenais,1
C Northcote Parkinson,1
Glen Tetley,1
Tito Gobbi,2
Ed McBain,1
Ian Carmichael,2
Sir Robert Mayer,2
Jack Brymer,1
Alec McCowen,1
James Cameron,1
Edward Fox,1
Patricia Highsmith,1
Sir Edmund Hillary,1
Sir Adrian Boult,2
Burl Ives,1
Ray Reardon,1
Ileana Cotrubas,1
Lauren Bacall,1
Nana Mouskouri,1
Sir Arthur Bryant,2
Norris McWhirter,1
Robert Stephens,1
Benjamin Luxon,1
Elia Kazan,1
Allan Prior,1
Robert Powell,1
Norman Parkinson,1
Sir Robert Helpmann,2
Dinsdale Landen,1
Barry John,1
Vladimir Ashkenazy,1
Joan Fontaine,1
David Bellamy,1
John Wain,1
Jule Styne,1
Colin Wilson,1
Noel Edmonds,1
Christopher Fry,1
Alec Clifton-Taylor,1
Alan Jay Lerner,1
Cathy Berberian,1
Tennessee Williams,1
Gian Carlo Menotti,1
Fred Trueman,1
Janet Suzman,1
Barbara Pym,1
Patricia Batty Shaw,1
Rita Streich,1
Jane Grigson,1
Mel Brooks,1
Dr Catherine Gavin,1
Sir Clifford Curzon,1
Derek Jacobi,1
Victoria de los Angeles,1
Anna Raeburn,1
Rt. Hon. Lord Shinwell,1
Sir Lennox Berkeley,1
Charles Aznavour,1
Itzhak Perlman,1
Sir John Glubb,1
Les Dawson,1
Felicity Kendal,1
David Wall,1
Rt Rev. And Rt Hon. Gerald Ellison,1
Professor J H Plumb,1
Rt Hon. Margaret Thatcher,1
Amadeus String Quartet,1
Spike Milligan,2
Raymond Mander &amp; Joe Mitchenson,1
Alan Coren,1
Omar Sharif,1
Dorothy Edwards,1
Sir Alec Guinness,2
Phil Drabble,1
Grace Bumbry,1
Winston Graham,1
Peter Ustinov,3
Professor Alan Gemmell,1
Richard Adams,1
Wayne Sleep,1
Claire Rayner,1
Barry Sheene,1
Molly Weir,1
Louis Fremaux,1
Mike Brearley,1
Michael Croft,1
Robin Richmond,1
Dame Daphne Du Maurier,1
Dannie Abse,1
Deborah Kerr,2
A L Rowse,1
Jessica Mitford,1
Arthur C Clarke,1
Shirley Conran,1
Clare Francis,1
Miss Read,1
Jack Parnell,1
Derek Randall,1
Mirella Freni,1
Sir Oliver Millar,1
Marisa Robles,1
P L Travers,1
Lord Home of The Hirsel,1
David Niven,1
Magnus Magnusson,1
Yehudi Menuhin,2
Rod Hull,1
Brigadier Peter Young,1
Mary Martin,1
Jacqueline Du Pre,1
James Bolam,1
Oliver Ford,1
Merle Park,1
Egon Ronay,1
John Curry,1
Barry Tuckwell,1
Roy Dotrice,1
James Blades,1
Robert Dougall,1
Kenneth McKellar,2
Charlie Cairoli,1
Sir Denys Lasdun,1
Gemma Jones,1
Igor Kipnis,1
Eric Idle,1
Anna Moffo,1
Christopher Milne,1
Anthony Quayle,2
Lt-Colonel John Blashford-Snell,1
Norman Bailey,1
Anthony Powell,1
Alan Bates,1
Frank Muir,1
Peter Quennell,1
David Wilkie,1
Michael Bond,1
George Cole,1
Tolchard Evans,1
Penelope Keith,1
James Galway,1
Melvyn Bragg,1
George Guest,1
Mel Torme,1
Philip Larkin,1
Alan Pascoe,1
Most Rev Rt Hon Stuart Blanch,1
Philip Jones,1
Len Deighton,1
Malcolm Williamson,1
Eric Simms,1
Douglas Fairbanks Jnr,1
Tony Grieg,1
John Laurie,1
John Napier,1
Sir William Gladstone,1
Glynis Johns,1
Dr Christiaan Barnard,1
John Pardoe,1
Charlotte Rampling,1
Paul Theroux,1
Rosina Harrison,1
Noel Barber,1
Vincent Brome,1
Sir Robert Mark,1
Luciano Pavarotti,1
Lynn Seymour,1
Ronnie Scott,1
Gavin Lyall,1
Noel Streatfeild,1
Sherrill Milnes,1
Julia Foster,1
Bing Crosby,1
Margaret Price,1
Frederick Forsyth,1
Ron Moody,1
Graham Thomas,1
Vince Hill,1
William Frankel,1
Stanley Holloway,3
Doris Hare,1
Paul Jennings,1
Lord Carrington,1
Bevis Hillier,1
Esther Rantzen,1
Alec Waugh,1
Jimmy Jewel,1
Robert Robinson,1
Jean Simmons,1
C P Snow,1
James Herriot,1
Dave Allen,1
Helen Bradley,1
David Hemmings,1
Sir Maurice Yonge,1
Sammy Cahn,1
Norman St John-Stevas,1
Tom Hustler,1
Gordon Jackson,1
John Arlott,2
Ben Travers,1
Matt Munro,1
John Hillaby,1
Patricia Hayes,1
John Betjeman,2
Lionel Blair,1
Stanley Dangerfield,1
Eric Thompson,1
Duncan Grant,1
Jilly Cooper,1
John Conteh,1
Valerie Masterson,1
Emlyn Williams,3
Lord Longford,1
Celia Johnson,3
Bernard Hailstone,1
Alan Civil,1
Percy Press,1
Angela Baddeley,1
Betty Kenward,1
P J Kavanagh,1
Oliver Reed,1
Bruce Tulloh,1
Robin Ray,1
Elisabeth Frink,1
Alan Ayckbourn,1
Dr Magnus Pyke,1
Polly James,1
William Hardcastle,1
Cyril Ray,1
David Munrow,1
Frank Swinnerton,2
Denholm Elliott,1
Graham Hill,2
Phyllis Barclay-Smith,1
Dandy Nichols,1
Dodie Smith,1
Michael Levey,1
Roland Culver,1
Valerie Singleton,1
Sir Keith Falkner,1
Sheridan Morley,1
Richard Walker,1
Osian Ellis,1
Max Wall,1
Mark Lubbock,1
Leslie Mitchell,1
T C Fairbairn,1
Antoinette Sibley,1
Arthur Marshall,1
Dr Thor Heyerdahl,1
John &amp; Roy Boulting,1
Philip Hope-Wallace,1
Edward Woodward,1
Brian Johnston,1
Eileen Fowler,1
Maureen O'Sullivan,1
Eddie Waring,1
Roy Fox,1
Brian Inglis,1
Fay Compton,2
John Brooke-Little,1
Bernard Haitink,1
Sir Terence Rattigan,1
Dr Jacob Bronowski,1
Marion Stein,1
Alexander Young,1
Gareth Edwards,1
Marghanita Laski,1
Vic Feather,1
Trevor Philpott,1
Arnold Ridley,1
Professor Sir Alister Hardy FRS,1
Peter Rogers,1
Edward Robey,1
Mary Peters,1
Ian Hendry,1
Leontyne Price,1
Bill Sowerbutts,1
Joyce Carey,1
Earl Wild,1
Bert Foord,1
Gervase de Peyer,1
Colin Welland,1
Ruskin Spear RA,1
Colonel Sir Michael Ansell,1
Wilfrid Van Wyck,1
Brenda Bruce,1
Georgie Fame,1
Basil Dean,1
Joe Bugner,1
Baroness Summerskill,1
Joseph Cooper,1
John Huston,1
Norman Thelwell,1
Edith Coates,1
Harry Loman,1
Florence De Jong,1
Christopher Serpell,1
Cathleen Nesbitt,1
George Melly,1
Dame Veronica Wedgwood OM,1
Alexander Gibson,1
Leslie Thomas,1
John Le Mesurier,1
Rita Hunter,1
Anthony Smith,1
Robert Nesbitt,1
Denise Robins,1
Mike Yarwood,1
Tony Britton,1
Noel Rawsthorne,1
Elsie &amp; Doris Waters,2
Tom Harrisson,2
Johnny Speight,1
Group Captain Peter Townsend,1
Beverly Sills,1
Maggie Smith,1
Dennis Wheatley,1
Imogen Holst,1
Christopher Gable,1
Michael Aspel,1
Terence Cuneo,1
John Reed,1
Margaret Lockwood,2
Anthony Lawrence,1
David Franklin,1
Professor Barry Cunliffe,1
Stephane Grappelli,1
Edward Ardizzone,1
Sir Arthur Bliss,2
Marcel Marceau,1
Joe Henderson,1
Henry Cecil,1
Charles Groves,1
Jean Plaidy,1
Professor Francis Camps,1
Alec Robertson,2
Geoffrey Parsons,1
David Bryant,1
Leonide Massine,1
Wendy Hiller,1
Sir Geoffrey Jackson,1
John Noakes,1
Robertson Hare,3
Elizabeth Harwood,1
David Storey,1
Raymond Leppard,1
Hammond Innes,1
Michael Parkinson,1
Alice Delysia,1
David Hockney,1
Stuart Burrows,1
Christopher Plummer,1
Isaac Stern,1
Gwen Berryman,1
Julia Trevelyan Oman,1
Barbara Mullen,2
Graham Kerr,1
Steve Race,2
Alfred Brendel,1
Nicolette Milnes-Walker,1
Lieutenant-Colonel Sir Vivian Dunn,1
C A Joyce,1
Dame Sibyl Hathaway,1
Ivy Benson,1
Sir Sacheverell Sitwell,1
Caterina Valente,1
Mollie Lee,1
Kenneth Allsop,1
Glenda Jackson,1
Artur Rubinstein,1
Sylva Stuart Watson,1
Richard Gordon,1
James Laver,1
Laurence Whistler,1
Maurice Woodruff,1
Clive Dunn,1
Elizabeth Ryan,1
Vernon Bartlett,1
Joyce Grenfell,2
John Braine,1
Reginald Foort,1
Billie Whitelaw,1
Mrs Mills,1
Geoff Boycott,1
Peter Daubeny,1
Clodagh Rodgers,1
Sir Louis Gluckstein,1
Patrick Cargill,1
Ludovic Kennedy,1
Ravi Shankar,1
Wendy Craig,1
Harvey Smith,1
Alan Keith,1
Laurie Lee,1
Madame (Lilian) Stiles-Allen,1
Robert Bolt,1
James Fitton,1
Quentin Poole,1
Ivan Mauger,1
Arthur Lowe,1
Wally Herbert,1
Diana Rigg,1
David Hughes,2
Margaret Powell,1
Vilem Tausky,1
Joan Whittington,1
Sari Barabas,1
Lynn Redgrave,1
Carrie Tubb,1
Harry Carpenter,1
Sir Alan P Herbert,2
Helen Watts,1
Ellen Pollock,1
Dick Emery,1
Freya Stark,1
Erich Leinsdorf,1
David Davis,1
Terry Thomas,2
Joan Hammond,2
Barbara Cartland,1
Ida Haendel,1
Monica Dickens,2
Keith Michell,1
Andy Stewart,1
Graham Usher,1
Carol Channing,1
Gina Cigna,1
Sir Gavin De Beer,1
James Lockhart,1
Deryck Guyler,1
Sheridan Russell,1
Nyree Dawn Porter,1
Judy Hashman,1
Richard Chamberlain,1
Dr Roy Strong,1
Isobel Baillie,2
Richard Church,1
Frank Gillard,1
Isidore Godfrey,1
Stanley Baxter,1
Professor A S C Ross,1
Val Doonican,1
Leonard Sachs,1
Fyfe Robertson,1
Tommy Steele,2
Viscount Montgomery of Alamein,1
Moira Anderson,1
Godfrey Baseley,1
Lillian Board,1
Irmgard Seefried,1
Dudley Moore,1
Evelyn Rothwell,1
Anthony Grey,1
Raymond Mays,1
Max Adrian,1
Henry Williamson,1
Thea Holme,1
Cliff Morgan,1
Sir John Wolfenden,1
Donald Zec,1
Des O'Connor,1
Olivia Manning,1
Hermione Gingold,2
Stanley Rubinstein,1
Cyril Harmer,1
Rachael Heyhoe,1
Vincent Price,1
Leonard Henry,1
Kenneth More,2
Evelyn Laye,2
John Trevelyan,1
Stanford Robinson,1
Ginger Rogers,1
Virginia Wade,1
Nicolai Gedda,1
Alvar Lidell,2
Dr Elsie Hall,1
Mary Stewart,1
Hetty King,1
Sir Alec Rose,1
Jill Bennett,1
Lady Diana Cooper,1
L Marsland Gander,1
Mary Wilson,1
Zena Skinner,1
Angus Wilson,1
Edward Downes,1
Hylda Baker,1
Lord David Cecil,1
Maggie Fitzgibbon,1
Maurice Jacobson,1
Alan Pegler,1
Heather Harper,1
Bob Braithwaite,1
Rosea Kemp,1
Professor Asa Briggs,1
Des Wilson,1
Sandy Powell,1
Lieutenant Colonel C H Jaeger,1
Sir Paul Gore-Booth,1
Dan Maskell,1
Richard Baker,1
Barbara Murray,1
Raymond Postgate,1
Billy Russell,1
Richard Lester,1
Marty Feldman,1
Dame Anne Godwin,1
Dame Ngaio Marsh,1
Edwige Feuillere,1
Carlo Maria Giulini,1
Sir Francis McLean,1
Louis Armstrong,1
Edward Chapman,1
Eric Shipton,1
Francis Durbridge,1
Sir Gilbert Inglefield,1
Eleanor Bron,1
Henry Hall,2
Colin Cowdrey,1
Sir Gordon Russell,1
Leslie Sarony,1
Sir Nicholas Sekers,1
Dame Maggie Teyte,2
Russell Braddon,1
Alfie Bass,1
Jon Vickers,1
T Dan Smith,1
Archie Camden,1
Rosalinde Fuller,1
C Day Lewis,2
Bill Boorne,1
Marilyn Horne,1
Susan Hampshire,1
John Williams,1
Ann Mallalieu,1
Colin Davis,1
Dame Gladys Cooper,2
Robert Merrill,1
Rt Hon. Sir Edward Boyle,1
Reverend Dr P B Clayton,1
Irene Worth,1
Sir Hugh Casson,1
Denis Matthews,1
Professor Sir Denis Brogan,1
Kenneth Wolstenholme,1
Roy Castle,1
Doris Arnold,1
Captain William Warwick,1
Alan Bennett,1
Jeremy Thorpe,1
Miriam Karlin,1
Heather Jenner,1
Tom Courtenay,1
Henryk Szeryng,1
Henry Longhurst,1
Roy Hudd,1
Lord Ritchie-Calder,1
Raymond Huntley,1
Xenia Field,1
Fenella Fielding,1
David Ward,1
George Woodcock,1
Derek Nimmo,1
Very Reverend Dr W R Matthews,1
Eric Porter,1
Sir Neville Cardus,1
Alan Whicker,1
Barry Briggs,1
Hugh Griffith,1
Arthur Negus,1
Clement Freud,1
Gerald Harper,1
Renee Houston,1
Gerald Moore,2
Richard Goolden,2
Sheila Scott,1
Rene Cutforth,1
Anne Sharpley,1
Georg Solti,1
Gwendoline Kirby,1
Jack Brabham,1
Leonard Cottrell,1
Captain John Ridgway &amp; Sargeant Chay Blyth,1
Anthony Burgess,1
Sarah Churchill,1
Stephen Bishop,1
Mitch Miller,1
Danny La Rue,1
Jacques Brunius,1
Talbot Duckmanton,1
Peter Wilson,1
June Ritchie,1
Derek Oldham,1
David Hicks,1
Morecambe &amp; Wise,1
"",1
Peter Diamand,1
Michael Craig,1
Nat Gonella,1
Jennifer Vyvyan,1
Sir Stanley Rous,1
Wilfred Andrews,1
Lilli Palmer,1
Nina &amp; Frederick,1
Charles Craig,1
Bill Simpson,1
Emily MacManus,1
Henry Cooper,1
Inia Te Wiata,1
Lord Soper,1
Bob &amp; Alf Pearson,1
Alan Bullock,1
Terry Scott,1
Hubert Gregg,1
Sara Leighton,1
G O Nickalls,1
Sir Frank Francis,1
Bill Fraser,1
Cyril Connolly,1
Marie Collier,1
Andrew Cruickshank,1
Christopher Hopper,1
Tommy Simpson,1
Charlton Heston,1
Patience Strong,1
Professor W E Swinton,1
Jimmy Shand,1
Michael Flanders,1
Sir William Coldstream,1
General Frederick Coutts,1
John Hanson,1
Lord Robens,1
Hildegarde,1
Constance Shacklock,1
Sir John Rothenstein,1
Nadia Nerina,1
Reverend David Sheppard,1
Rita Tushingham,1
Ian Hunter,1
Rae Jenkins,1
William Connor,1
William Hartnell,1
MacDonald Hastings,1
Harry Corbett,1
Ambrose,1
Annie Ross,1
Sir Lewis Casson,1
Mary Stocks,1
Maxwell Knight,1
Ginette Spanier,1
Harold Pinter,1
Hugh Lloyd,1
Maurice Denham,1
Joseph Szigeti,1
Robert Marx,1
Julian Herbage,1
Hayley Mills,1
Bill Shankly,1
Al Read,1
Dame Margot Fonteyn,1
Dr W E Shewell-Cooper,1
George Baker,1
Anatole Grunwald,1
Bert Weeden,1
Sir Richard Woolley,1
Dick Richards,1
Arthur Fiedler,1
Sir Paul Dukes,1
Gale Pedrick,1
Owen Brannigan,1
Sir Basil Spence,1
Frank Ifield,1
Dawn Addams,1
Marlene Dietrich,1
John Clements,2
Jack de Manio,1
Lavinia Young,1
Tallulah Bankhead,1
George Malcolm,1
Brian Epstein,1
Frank Phillips,1
Honor Blackman,1
Hardie Ratcliffe,1
Sir Harry Brittain,1
William Douglas-Home,1
Reverend W Awdry,1
Jon Pertwee,1
John Bratby,1
Robbie Brightwell,1
Russell Brockbank,1
Stratford Johns,1
Lord Thomson of Fleet,1
Percy Merriman,1
Stephen Grenfell,1
Dick Chipperfield,1
Roy MacGregor-Hastie,1
Vanessa Redgrave,1
Dorian Williams,1
Glen Byam Shaw,1
Kenneth Connor,1
Harry Wheatcroft,1
Richard Wattis,1
David Jacobs,1
Dame Edith Evans,1
David Kossoff,1
Jim Clark,1
Rex Alston,1
Ian Wallace,1
Sir Miles Thomas,1
Wilfred Brambell,1
Wilson Whineray,1
Regina Resnik,1
Richard Attenborough,2
Leslie Baily,1
Ethel Revnell,1
Dorita &amp; Pepe,1
Cyril Smith &amp; Phyllis Sellick,1
Nicolai Poliakoff,1
Harford Montgomery Hyde,1
Millicent Martin,1
T R Robinson,1
Ron Grainer,1
Gordon Pirie,1
Stephen Potter,1
Joan Bennett,1
Patrick Moore,1
Admiral Sir Michael Maynard Denny,1
Norman Shelley,1
Pat Moss,1
Bernard Cribbins,1
Group Captain Leonard Cheshire,1
Norman del Mar,1
Raymond Baxter,1
Sophie Tucker,1
Dr Reginald Jacques,1
Scobie Breasley,1
Sir Charles MacLean,1
Ian Fleming,1
Carleton Hobbs,1
Vivienne,1
Geraint Evans,1
Juliette Greco,1
Boyd Neel,2
Joe Loss,1
Eva Bartok,1
Barry Bucknell,1
Birgit Nilsson,1
Rowland Emett,1
Frank Worrell,1
Professor L Dudley Stamp,1
Vivienne Chatterton,1
Marjorie Proops,1
Ted Willis,1
Sir Harry Whitlohn,1
Leslie Gilbert Illingworth,1
Dudley Perkins,1
Arthur Haynes,1
Percy Thrower,1
Cyril Ornadel,1
Quentin Reynolds,1
Michael Bentine,1
Sir Learie Constantine,1
Noel Coward,1
Richard Lewis,1
Gerry Lee,1
Basil Boothroyd,1
Dorothy Squires,1
George Mitchell,1
Clarkson Rose,1
Lord George Sanger,1
A G Street,1
Acker Bilk,1
Anna Russell,1
Peter Saunders,1
Jack Warner,2
Dr Robert Stopford,1
Val Gielgud,1
George Shearing,1
Pamela Hansford-Johnson,1
Norman Tucker,1
Fanny &amp; Johnnie Cradock,1
Antony Hopkins,1
Peter Jones,1
L Hugh Newman,1
Stanley Unwin,1
R F Delderfield,1
Mario del Monaco,1
Edith Day,1
Lionel Tertis,1
Charlie Chester,1
Merfyn Turner,1
Paul Rogers,1
Franklin Engelmann,1
John Allegro,1
Giovanni Martinelli,1
Alistair Cooke,1
Eric Hosking,1
Sir Alan Cobham,1
Sidney Nolan,1
Leslie Crowther,1
Christina Foyle,1
Robert Morley,1
Billy Butlin,1
Leslie Phillips,1
Frank Launder &amp; Sidney Gilliat,1
Raymond Glendenning,1
Louis Kentner,1
Colonel A D Wintle,1
Irene Handl,1
H E Bates,1
Frank Chacksfield,1
Kay Cavendish,1
Ken Sykora,1
Stuart Hibberd,1
Hughie Green,1
James Gunn RA,1
Gracie Fields,2
Bob Hope,1
Sir Michael Balcon,1
Paul Gallico,1
Virgil Thomson,1
Rupert Davies,1
Wee Georgie Wood,1
Sir Gerald Beadle,1
Francis Chichester,1
Hattie Jacques,1
Canon Noel Duckworth,1
Tommy Reilly,1
Commander Sir Stephen King-Hall,1
Coral Browne,1
John Slater,1
Edward Ward,1
Jack Fingleton,1
Gerald Durrell,1
Yvonne Mitchell,1
Nelson Riddle,1
Joe Davis,1
Anna Massey,1
Roy Hay,1
Ann Haydon,1
Dr W Grey Walter,1
Richard Murdoch,1
Pietro Annigoni,1
Ralph Reader,2
Finlay Currie,1
Adam Faith,1
Brian Reece,2
Barbara Jefford,1
Peter Scott,2
Michael Wilding,1
Carmen Dragon,1
June Bronhill,1
Jimmy Edwards,2
Antonio,1
Mary Ure,1
Cyril Mills,1
Ted Williams,1
Beverley Sisters,1
Kenneth Horne,1
Victor Gollancz,1
Dave King,1
Harry Mortimer,1
Don Thompson,1
Oda Slobodskaya,1
Frank Muir &amp; Denis Norden,1
Edmund Hockridge,1
Ursula Bloom,1
Frederick Grisewood,2
Cliff Richard,1
Ernest Lough,1
Sidney Torch,1
Alec Bedser,1
Diane Cilento,1
Lionel Bart,1
Michaela &amp; Armand Denis,1
Gladys Young,1
Paul Beard,1
Godfrey Talbot,1
Pat Suzuki,1
Danny Blanchflower,1
Lord Boothby,1
Johnny Morris,1
Eddie Calvert,1
Claudio Arrau,1
Julian Slade,1
Professor A C B Lovell,1
Dickie Henderson,1
Marie Rambert,1
Liberace,1
Shirley Bassey,1
David Langdon,1
Anthony Newley,1
Anne Heywood,1
John Freeman,1
Sidney James,1
Michael Somes,1
Russ Conway,1
Prince Chula Chakrabongse of Thailand,1
Marty Wilde,1
Jack Jackson,1
Leon Goossens,1
Herbert Lom,1
Barrington Dalby,2
Antonia Ridge,1
Joan Heal,1
Semprini,1
S P B Mais,1
Ted Moult,1
Eve Boswell,1
Andor Foldes,1
John Paddy Carstairs,1
Billy Cotton,1
Joan Sutherland,1
Benny Hill,1
George Thalben-Ball,1
Alfred Hitchcock,1
Peggy Cochrane,1
Douglas Byng,1
Sir Leonard Hutton,1
John Snagge,1
Bessie Love,1
Norman Fisher,1
B C Hilliam,1
Ivor Newton,1
George Melachrino,1
Harold Abrahams,1
Hermione Baddeley,1
Uffa Fox,1
Lotte Lehmann,1
Henry Sherek,1
Brian Vesey-Fitzgerald,1
Robert Farnon,1
Alfred Marks,1
Dame Rebecca West,1
Ray Ellington,1
Lord Brabazon of Tara,1
Marjorie Westbury,1
Tyrone Guthrie,1
Edric Connor,1
Sylvia Sims,1
Malcolm Arnold,1
Ernest Thesiger,1
Judy Grinham,1
Cyril Fletcher,1
Peter Cushing,1
John Morris,1
Chris Barber,1
June Thorburn,1
Ronnie Boyer &amp; Jeanne Ravel,1
Sandy MacPherson,1
Charlie Drake,1
Aaron Copland,1
Stanley Black,1
Paul Robeson,1
G H Elliott,1
June Paul,1
Elena Gerhardt,1
Edmundo Ros,1
Benno Moiseiwitsch,1
Elizabeth Seal,1
Richard Dimbleby,1
Harry Belafonte,1
Hardy Amies,1
Dickie Valentine,1
Percy Kahn,1
Jack Payne,1
Hephzibah Menuhin,1
Dr Ludwig Koch,1
Eamonn Andrews,1
Elisabeth Schwarzkopf,1
Jean Pougnet,1
Wilfrid Hyde-White,1
Sarah Vaughan,1
Derek McCulloch,1
Jean Sablon,1
Naomi Jacob,1
Eric Robinson,1
Kay Smart,1
Agnes Nicholls,1
Roy Plomley,2
Oliver Messel,1
Ruby Miller,1
Billy Mayerl,1
Geraldo,1
Flora Robson,1
Frankie Vaughan,1
Michael Flanders &amp; Donald Swann,1
Margaret Rawlings,1
Ben Lyon,1
Rex Palmer,1
Anton Walbrook,1
Victor Silvester,1
Max Jaffa,1
Lionel Hale,1
Wendy Toye,1
Lupino Lane,1
Sir Thomas Beecham,1
Moira Shearer,1
James Fisher,1
Joan Cross,1
Jack Teagarden,1
Bransby Williams,1
Belinda Lee,1
Commander Ibbett,1
Marius Goring,1
Christopher Stone,2
C A Lejeune,2
Eric Barker,1
Alma Cogan,1
David Farrar,1
Leopold Stokowski,1
Owen Berry,1
Tony Hancock,1
Audrey Russell,1
Blanche Thebom,1
Fred Streeter,1
Tamara Karsavina,1
Harold Hobson,1
Mantovani,1
Percy Edwards,1
Count Basie,1
Victor Borge,1
Dick Bentley,1
Rawicz &amp; Landauer,1
Gwen Catley,1
Ralph Wightman,1
Cicely Courtneidge,2
Chris Brasher,1
Bud Flanagan,1
Alan Melville,1
Elizabeth Bowen,1
Edgar Lustgarten,1
Jack Solomons,1
Peggy Ashcroft,1
Peter Sellers,1
Zena Dare,1
Gerard Hoffnung,1
George Cansdale,1
Tyrone Power,1
Janette Scott,1
Peter Finch,1
John Watt,1
Dennis Noble,1
Donald Campbell,1
Isobel Barnett,1
Anthony Steel,1
Peter Katin,1
Ada Cherry Kearton,1
Kenneth Tynan,1
Turner Layton,1
Valentine Britten,1
Bernard Newman,1
Dennis Price,1
Dennis Brain,1
Shirley Abicair,1
Tex Ritter,1
Jim Laker,1
Leslie Caron,1
Eric Maschwitz,1
Eartha Kitt,1
Ted Heath,1
Stirling Moss,1
Robert Atkins,1
Dora Labbette,1
Len Harvey,1
John Neville,1
Marie Burke,1
Stan Kenton,1
Bebe Daniels,1
Cyril Smith,1
Vanessa Lee,1
Nancy Spain,1
Robert Fabian,1
David Nixon,1
Sam Costa,1
Laurence Harvey,1
Bob Monkhouse &amp; Denis Goodwin,1
Bernard Braden,1
Jack Train,1
Beverley Nichols,1
Vic Oliver,2
Valentine Dyall,1
Frances Day,1
Sidonie Goossens,1
James Robertson Justice,1
Max Bygraves,1
John Gregson,1
Leslie Welch,1
Philip Harben,1
Eileen Joyce,2
Herbert Wilcox,1
R C Sherriff,1
Michael Ayrton,1
Edward Allcard,1
Ursula Jeans,1
Lionel Gamlin,1
Michael Redgrave,2
Nicholas Monsarrat,1
Tony Mottram,1
Barbara Kelly,1
Tommy Farr,1
Anthony Asquith,1
Sir Malcolm Sargent,1
Tod Slaughter,1
Pat Kirkwood,2
Pat Smythe,1
Chris Chataway,1
Eric Ambler,1
Harriet Cohen,1
Sir Cedric Hardwicke,1
Dorothy Tutin,1
Bobby Howes,2
Dorothy Ward,1
Margaret Leighton,1
Reginald Dixon,1
Captain M B B Banks RM,1
Robert Henriques,1
Nigel Balchin,1
Valerie Hobson,2
T E B Clarke,1
Jessie Matthews,1
Vivian De Gurr St George,1
Peggy Cummins,1
Hugh Sinclair,1
"Leslie A ""Hutch"" Hutchinson",1
Alfredo Campoli,1
Hugh Williams,1
Nora Swinburne,1
Cyril Ritchard,1
Cecil Parker,1
Geraldine McEwan,1
Lizbeth Webb,1
Leo Genn,1
Pamela Kellino,1
Arthur Wint,1
Naunton Wayne,1
Jack Hawkins,1
Isabel Jeans,1
Yolande Donlan,1
Webster Booth,1
Moira Lister,1
Max Miller,1
Pamela Brown,1
Richard Todd,1
Sheila Sim,1
David Tomlinson,1
Jean Carson,1
Donald Wolfit,1
Duncan Carse,1
Belita,1
Ralph Lynn,1
Margaret Rutherford,1
Wilfred Pickles,1
Joy Nichols,1
Bill Greenslade,1
Gordon Harker,1
Sonnie Hale,1
Ada Reeve,1
Nigel Patrick,1
Tessie O'Shea,1
W MacQueen-Pope,1
Florence Desmond,1
Joy Worth,1
Binnie Hale,1
Esmond Knight,1
Winifred Atwell,1
Ted Ray,1
Vivien Leigh,1
Anne Shelton,1
Trevor Howard,1
Michael Denison &amp; Dulcie Gray,1
Joan Greenwood,1
Fred Perry,1
Ellaline Terriss,1
Godfrey Winn,1
Googie Withers,1
Gilbert Harding,1
Dorothy Dickson,1
Robert Beatty,1
Kirsten Flagstad,1
Richard Murdoch &amp; Kenneth Horne,1
Delia Murphy,1
Wynford Vaughan-Thomas,1
Richard Hearne,1
Anna Neagle,1
Fred Emney,1
Roger Livesey,1
Compton MacKenzie,1
Peter Brough &amp; Archie Andrews,1
Jeanne De Casalis,1
Spike Hughes,1
Sybil Thorndike,1
Carroll Gibbons,1
Jack Hulbert,1
Elisabeth Schumann,1
Kathleen Harrison,1
George Formby,1
Diana Wynyard,1
Ronald Shiner,1
Clemence Dane,1
Henry Kendall,1
Mai Zetterling,1
George Robey,1
Sally Ann Howes,1
Freddie Mills,1
Anne Crawford,1
Vivian Ellis,1
Phyllis Calvert,1
A E Matthews,1
Jean Kent,1
Leslie Henson,1
Bill Johnson,1
Eric Coates,1
Tommy Trinder,1
Ann Todd,1
Denis Compton &amp; W J Edrich,1
Larry Adler,1
Peter Fleming,1
Muir Mathieson,1
Anona Winn,1
Ted Kavanagh,1
Kay Hammond,1
Jack Buchanan,1
Constance Cummings,1
Donald Peers,1
Yvonne Arnaud,1
Eric Portman,1
Sonia Dresdel,1
Nova Pilbeam,1
Signalman Henry Wheeler,1
Dr C E M Joad,1
Claire Luce,1
Margaret Hubble,1
Pat Butler,1
Roy Williams,1
Joan Edgar,1
Michael Harrison,1
Peter Fettes,1
Mabel Constanduros,1
Wing Commander Guy Gibson VC DSO DFC,1
Pamela Frankau,1
Alan Dent,1
Lord Charles Hill,1
J B Morton,1
C H Middleton,1
Sir Stephen Tallents,1
Lady Eleanor Smith,1
Ivor Brown,1
Herbert Hodge,1
Beverley Baxter,1
Tom Driberg,1
Ian Hay,1
Donald McCullough,1
Admiral Sir Edward Evans,1
Michael Powell,1
Jonah Barrington,1
Richard Tauber,1
Lord Elton,1
Nathaniel Gubbins,1
Leslie Howard,1
Beatrice Lillie,1
Ivor Novello,1
Tom Webster,1
Reverend Canon W H Elliott,1
Joan Jay,1
Captain A E Dingle,1
Jack Hylton,1
C B Cochran,1
Commander Campbell,1
James Agate,1
